x_val,y_val
0.016,0.559
0.016,0.5909
0.0319,0.543
0.0319,0.559
0.0479,0.527
0.0479,0.543
0.0639,0.5909
0.0639,0.575
0.0799,0.5111
0.0799,0.527
0.0958,0.575
0.0958,0.559
0.1118,0.4951
0.1118,0.5111
0.1278,0.559
0.1278,0.543
0.1437,0.4791
0.1437,0.4951
0.1597,0.543
0.1597,0.527
0.1757,0.4632
0.1757,0.4791
0.1917,0.527
0.1917,0.5111
0.2076,0.4472
0.2076,0.4632
0.2076,0.5111
0.2076,0.4951
0.2396,0.4312
0.2396,0.4472
0.2396,0.4951
0.2396,0.4791
0.2555,0.4152
0.2555,0.4312
0.2715,0.4791
0.2715,0.4632
0.2875,0.3993
0.2875,0.4152
0.3035,0.4632
0.3035,0.4472
0.3194,0.3833
0.3194,0.3993
0.3354,0.4472
0.3354,0.4312
0.3514,0.3673
0.3514,0.3833
0.3673,0.4312
0.3673,0.4152
0.3833,0.3514
0.3833,0.3673
0.3993,0.4152
0.3993,0.3993
0.4153,0.3354
0.4153,0.3514
0.4312,0.3993
0.4312,0.3833
0.4472,0.3194
0.4472,0.3354
0.4632,0.3833
0.4632,0.3673
0.4791,0.3034
0.4791,0.3194
0.4951,0.3673
0.4951,0.3514
0.5111,0.2875
0.5111,0.3034
0.5271,0.3514
0.5271,0.3354
0.543,0.2715
0.543,0.2875
0.559,0.3354
0.559,0.3194
0.575,0.2555
0.575,0.2715
0.5909,0.3194
0.5909,0.3034
0.6069,0.2396
0.6069,0.2555
0.6229,0.3034
0.6229,0.2875
0.6548,0.2236
0.6548,0.2396
0.6548,0.2875
0.6548,0.2715
0.6868,0.2076
0.6868,0.2236
0.7027,0.2715
0.7027,0.2555
0.7187,0.1916
0.7187,0.2076
0.7347,0.2555
0.7347,0.2396
0.7666,0.1757
0.7666,0.1916
0.7826,0.2396
0.7826,0.2236
0.8145,0.1597
0.8145,0.1757
0.8305,0.2236
0.8305,0.2076
0.8305,0.559
0.8305,0.5909
0.8465,0.527
0.8465,0.559
0.8465,0.5909
0.8465,0.6069
0.8625,0.4791
0.8625,0.527
0.8784,0.4472
0.8784,0.4791
0.8784,0.6069
0.8784,0.5909
0.8944,0.543
0.8944,0.527
0.8944,0.3993
0.8944,0.4472
0.9104,0.527
0.9104,0.4951
0.9104,0.3354
0.9104,0.3993
0.9263,0.4951
0.9263,0.4472
0.9263,0.2076
0.9263,0.3354
0.9423,0.527
0.9423,0.543
0.9423,0.4472
0.9423,0.3993
0.9423,0.1757
0.9423,0.1597
0.9423,0.5909
0.9423,0.575
0.9583,0.3993
0.9583,0.3354
0.9583,0.1916
0.9583,0.1757
0.9743,0.3354
0.9743,0.1916
1.0062,0.5111
1.0062,0.527
1.0062,0.575
1.0062,0.559
1.0701,0.4951
1.0701,0.5111
1.0701,0.559
1.0701,0.543
1.134,0.4791
1.134,0.4951
1.134,0.543
1.134,0.527
1.1979,0.4632
1.1979,0.4791
1.1979,0.527
1.1979,0.5111
1.2617,0.4472
1.2617,0.4632
1.2617,0.5111
1.2617,0.4951
1.3256,0.4312
1.3256,0.4472
1.3256,0.4951
1.3256,0.4791
1.3895,0.4152
1.3895,0.4312
1.3895,0.4791
1.3895,0.4632
1.4534,0.3993
1.4534,0.4152
1.4534,0.4632
1.4534,0.4472
1.5173,0.3833
1.5173,0.3993
1.5173,0.4472
1.5173,0.4312
1.5812,0.3673
1.5812,0.3833
1.5812,0.4312
1.5812,0.4152
1.6451,0.3514
1.6451,0.3673
1.661,0.4152
1.661,0.3993
1.7249,0.3354
1.7249,0.3514
1.7249,0.3993
1.7249,0.3833
1.7888,6.117
1.7888,6.1809
1.7888,0.3194
1.7888,0.3354
1.8048,6.0052
1.8048,6.117
1.8048,6.1809
1.8048,6.2288
1.8048,0.3833
1.8048,0.3673
1.8207,5.9254
1.8207,6.0052
1.8207,6.2288
1.8207,6.2448
1.8367,5.8615
1.8367,5.9254
1.8367,6.1809
1.8367,6.1649
1.8367,6.149
1.8367,6.117
1.8527,5.7976
1.8527,5.8615
1.8527,6.1649
1.8527,6.149
1.8527,6.117
1.8527,6.0212
1.8687,5.7337
1.8687,5.7976
1.8687,6.2448
1.8687,6.2288
1.8687,6.0212
1.8687,5.9413
1.8846,5.6698
1.8846,5.7337
1.8846,6.149
1.8846,6.1809
1.8846,5.9413
1.8846,5.8615
1.8846,0.3034
1.8846,0.3194
1.8846,0.3673
1.8846,0.3514
1.9006,5.6219
1.9006,5.6698
1.9006,6.2288
1.9006,6.2129
1.9006,6.133
1.9006,6.149
1.9006,5.8615
1.9006,5.7976
1.9166,5.558
1.9166,5.6219
1.9166,6.2129
1.9166,6.1969
1.9166,6.117
1.9166,6.133
1.9166,5.7976
1.9166,5.7337
1.9325,5.4941
1.9325,5.558
1.9325,6.1969
1.9325,6.1809
1.9325,6.1011
1.9325,6.117
1.9325,5.7337
1.9325,5.6858
1.9485,5.4462
1.9485,5.4941
1.9485,6.1809
1.9485,6.149
1.9485,6.0691
1.9485,6.1011
1.9485,5.6858
1.9485,5.6219
1.9645,5.3983
1.9645,5.4462
1.9645,6.149
1.9645,6.133
1.9645,6.0531
1.9645,6.0691
1.9645,5.6219
1.9645,5.558
1.9645,0.2875
1.9645,0.3034
1.9645,0.3514
1.9645,0.3354
1.9805,5.3344
1.9805,5.3983
1.9805,6.133
1.9805,6.117
1.9805,6.0212
1.9805,6.0531
1.9805,5.558
1.9805,5.5101
1.9964,5.2865
1.9964,5.3344
1.9964,6.117
1.9964,6.0851
1.9964,6.0052
1.9964,6.0212
1.9964,5.5101
1.9964,5.4462
2.0124,5.2386
2.0124,5.2865
2.0124,6.0851
2.0124,6.0691
2.0124,5.9733
2.0124,6.0052
2.0124,5.4462
2.0124,5.3983
2.0284,5.1747
2.0284,5.2386
2.0284,6.0691
2.0284,6.0372
2.0284,5.9573
2.0284,5.9733
2.0284,5.3983
2.0284,5.3504
2.0443,5.1268
2.0443,5.1747
2.0443,6.0372
2.0443,6.0212
2.0443,5.9254
2.0443,5.9573
2.0443,5.3504
2.0443,5.2865
2.0603,5.0789
2.0603,5.1268
2.0603,6.0212
2.0603,5.9893
2.0603,5.8934
2.0603,5.9254
2.0603,5.2865
2.0603,5.2386
2.0603,0.2715
2.0603,0.2875
2.0603,0.3354
2.0603,0.3194
2.0763,5.015
2.0763,5.0789
2.0763,5.9893
2.0763,5.9573
2.0763,5.8775
2.0763,5.8934
2.0763,5.2386
2.0763,5.1907
2.0923,4.9671
2.0923,5.015
2.0923,5.9573
2.0923,5.9413
2.0923,5.8455
2.0923,5.8775
2.0923,5.1907
2.0923,5.1268
2.1082,4.9192
2.1082,4.9671
2.1082,5.9413
2.1082,5.9094
2.1082,5.8136
2.1082,5.8455
2.1082,5.1268
2.1082,5.0789
2.1242,4.8713
2.1242,4.9192
2.1242,5.9094
2.1242,5.8775
2.1242,5.7816
2.1242,5.8136
2.1242,5.0789
2.1242,5.031
2.1402,4.8074
2.1402,4.8713
2.1402,5.8775
2.1402,5.8615
2.1402,5.7657
2.1402,5.7816
2.1402,5.031
2.1402,4.9831
2.1561,4.7595
2.1561,4.8074
2.1561,5.8615
2.1561,5.8295
2.1561,5.7337
2.1561,5.7657
2.1561,4.9831
2.1561,4.9192
2.1721,4.7115
2.1721,4.7595
2.1721,5.8295
2.1721,5.7976
2.1721,5.7018
2.1721,5.7337
2.1721,4.9192
2.1721,4.8713
2.1721,0.2555
2.1721,0.2715
2.1721,0.3194
2.1721,0.3034
2.1881,4.6636
2.1881,4.7115
2.1881,5.7976
2.1881,5.7816
2.1881,5.6698
2.1881,5.7018
2.1881,4.8713
2.1881,4.8233
2.2041,4.5997
2.2041,4.6636
2.2041,5.7816
2.2041,5.7497
2.2041,5.6539
2.2041,5.6698
2.2041,4.8233
2.2041,4.7754
2.22,4.5518
2.22,4.5997
2.22,5.7497
2.22,5.7177
2.22,5.6219
2.22,5.6539
2.22,4.7754
2.22,4.7115
2.236,4.5039
2.236,4.5518
2.236,5.7177
2.236,5.6858
2.236,5.59
2.236,5.6219
2.236,4.7115
2.236,4.6636
2.252,4.456
2.252,4.5039
2.252,5.6858
2.252,5.6539
2.252,5.558
2.252,5.59
2.252,4.6636
2.252,4.6157
2.2679,4.3921
2.2679,4.456
2.2679,5.6539
2.2679,5.6379
2.2679,5.5261
2.2679,5.558
2.2679,4.6157
2.2679,4.5678
2.2839,4.3442
2.2839,4.3921
2.2839,5.6379
2.2839,5.6059
2.2839,5.5101
2.2839,5.5261
2.2839,4.5678
2.2839,4.5039
2.2999,4.3442
2.2999,5.6059
2.2999,5.574
2.2999,5.4782
2.2999,5.5101
2.2999,4.5039
2.2999,4.456
2.2999,4.2963
2.3159,5.574
2.3159,5.5421
2.3159,5.4462
2.3159,5.4782
2.3159,4.456
2.3159,4.4081
2.3159,4.2484
2.3159,4.2963
2.3318,5.5421
2.3318,5.5101
2.3318,5.4143
2.3318,5.4462
2.3318,4.4081
2.3318,4.3602
2.3318,4.2005
2.3318,4.2484
2.3478,5.5101
2.3478,5.4941
2.3478,5.3823
2.3478,5.4143
2.3478,4.3602
2.3478,4.3123
2.3478,4.1525
2.3478,4.2005
2.3638,5.4941
2.3638,5.4622
2.3638,5.3504
2.3638,5.3823
2.3638,4.3123
2.3638,4.2643
2.3638,4.1046
2.3638,4.1525
2.3797,5.4622
2.3797,5.4303
2.3797,5.3344
2.3797,5.3504
2.3797,4.2643
2.3797,4.2164
2.3797,4.0567
2.3797,4.1046
2.3957,5.4303
2.3957,5.3983
2.3957,5.3025
2.3957,5.3344
2.3957,4.2164
2.3957,4.1685
2.3957,4.0248
2.3957,4.0567
2.4117,5.3983
2.4117,5.3664
2.4117,5.2705
2.4117,5.3025
2.4117,4.1685
2.4117,4.1206
2.4117,3.9769
2.4117,4.0248
2.4277,5.3664
2.4277,5.3344
2.4277,5.2386
2.4277,5.2705
2.4277,4.1206
2.4277,4.0727
2.4277,3.9289
2.4277,3.9769
2.4436,5.3344
2.4436,5.3025
2.4436,5.2067
2.4436,5.2386
2.4436,4.0727
2.4436,4.0248
2.4436,3.881
2.4436,3.9289
2.4596,5.3025
2.4596,5.2865
2.4596,5.1747
2.4596,5.2067
2.4596,4.0248
2.4596,3.9769
2.4596,0.2715
2.4596,0.2555
2.4596,0.3034
2.4596,0.3194
2.4596,3.8331
2.4596,3.881
2.4756,5.2865
2.4756,5.2546
2.4756,5.1428
2.4756,5.1747
2.4756,3.9769
2.4756,3.9289
2.4756,3.8012
2.4756,3.8331
2.4915,5.2546
2.4915,5.2226
2.4915,5.1268
2.4915,5.1428
2.4915,3.9289
2.4915,3.897
2.4915,3.7533
2.4915,3.8012
2.5075,5.2226
2.5075,5.1907
2.5075,5.0949
2.5075,5.1268
2.5075,3.897
2.5075,3.8491
2.5075,3.7054
2.5075,3.7533
2.5235,5.1907
2.5235,5.1587
2.5235,5.0629
2.5235,5.0949
2.5235,3.8491
2.5235,3.8012
2.5235,0.2875
2.5235,0.2715
2.5235,0.3194
2.5235,0.3354
2.5235,3.6734
2.5235,3.7054
2.5394,5.1587
2.5394,5.1268
2.5394,5.031
2.5394,5.0629
2.5394,3.8012
2.5394,3.7692
2.5394,3.6255
2.5394,3.6734
2.5554,5.1268
2.5554,5.0949
2.5554,4.999
2.5554,5.031
2.5554,3.7692
2.5554,3.7213
2.5554,3.5776
2.5554,3.6255
2.5714,5.0949
2.5714,5.0789
2.5714,4.9671
2.5714,4.999
2.5714,3.7213
2.5714,3.6734
2.5714,0.3034
2.5714,0.2875
2.5714,0.3354
2.5714,0.3514
2.5714,3.5456
2.5714,3.5776
2.5874,5.0789
2.5874,5.0469
2.5874,4.9351
2.5874,4.9671
2.5874,3.6734
2.5874,3.6415
2.5874,3.4977
2.5874,3.5456
2.6033,5.0469
2.6033,5.015
2.6033,4.9032
2.6033,4.9351
2.6033,3.6415
2.6033,3.5936
2.6033,3.4498
2.6033,3.4977
2.6193,5.015
2.6193,4.9831
2.6193,4.8713
2.6193,4.9032
2.6193,3.5936
2.6193,3.5456
2.6193,0.3194
2.6193,0.3034
2.6193,0.3514
2.6193,0.3673
2.6193,3.4179
2.6193,3.4498
2.6353,4.9831
2.6353,4.9511
2.6353,4.8553
2.6353,4.8713
2.6353,3.5456
2.6353,3.5137
2.6353,0.3673
2.6353,0.3833
2.6353,3.37
2.6353,3.4179
2.6512,4.9511
2.6512,4.9192
2.6512,4.8233
2.6512,4.8553
2.6512,3.5137
2.6512,3.4658
2.6512,0.3354
2.6512,0.3194
2.6512,3.338
2.6512,3.37
2.6672,4.9192
2.6672,4.8872
2.6672,4.7914
2.6672,4.8233
2.6672,3.4658
2.6672,3.4179
2.6672,0.3833
2.6672,0.3993
2.6672,3.2901
2.6672,3.338
2.6832,4.8872
2.6832,4.8553
2.6832,4.7595
2.6832,4.7914
2.6832,3.4179
2.6832,3.3859
2.6832,0.3514
2.6832,0.3354
2.6832,3.2582
2.6832,3.2901
2.6992,4.8553
2.6992,4.8233
2.6992,4.7275
2.6992,4.7595
2.6992,3.3859
2.6992,3.338
2.6992,0.3993
2.6992,0.4152
2.6992,3.2102
2.6992,3.2582
2.7151,4.8233
2.7151,4.8074
2.7151,4.6956
2.7151,4.7275
2.7151,3.338
2.7151,3.3061
2.7151,0.3673
2.7151,0.3514
2.7151,3.1783
2.7151,3.2102
2.7311,4.8074
2.7311,4.7754
2.7311,4.6636
2.7311,4.6956
2.7311,3.3061
2.7311,3.2582
2.7311,0.4152
2.7311,0.4312
2.7311,3.1304
2.7311,3.1783
2.7471,4.7754
2.7471,4.7435
2.7471,4.6317
2.7471,4.6636
2.7471,3.2582
2.7471,3.2262
2.7471,0.3833
2.7471,0.3673
2.7471,0.4312
2.7471,0.4472
2.7471,3.0984
2.7471,3.1304
2.763,4.7435
2.763,4.7115
2.763,4.5997
2.763,4.6317
2.763,3.2262
2.763,3.1783
2.763,0.3993
2.763,0.3833
2.763,3.0505
2.763,3.0984
2.779,4.7115
2.779,4.6796
2.779,4.5678
2.779,4.5997
2.779,3.1783
2.779,3.1464
2.779,0.4152
2.779,0.3993
2.779,0.4472
2.779,0.4632
2.779,3.0186
2.779,3.0505
2.795,4.6796
2.795,4.6477
2.795,4.5518
2.795,4.5678
2.795,3.1464
2.795,3.0984
2.795,0.4632
2.795,0.4791
2.795,2.9707
2.795,3.0186
2.811,4.6477
2.811,4.6157
2.811,4.5199
2.811,4.5518
2.811,3.0984
2.811,3.0665
2.811,0.4312
2.811,0.4152
2.811,0.4791
2.811,0.4951
2.811,2.9387
2.811,2.9707
2.8269,4.6157
2.8269,4.5838
2.8269,4.4879
2.8269,4.5199
2.8269,3.0665
2.8269,3.0186
2.8269,0.4472
2.8269,0.4312
2.8269,2.8908
2.8269,2.9387
2.8429,4.5838
2.8429,4.5518
2.8429,4.456
2.8429,4.4879
2.8429,3.0186
2.8429,2.9866
2.8429,0.4951
2.8429,0.5111
2.8429,2.8589
2.8429,2.8908
2.8589,4.5518
2.8589,4.5199
2.8589,4.4241
2.8589,4.456
2.8589,2.9866
2.8589,2.9387
2.8589,0.4632
2.8589,0.4472
2.8589,0.5111
2.8589,0.527
2.8589,2.811
2.8589,2.8589
2.8748,4.5199
2.8748,4.4879
2.8748,4.3921
2.8748,4.4241
2.8748,2.9387
2.8748,2.9068
2.8748,0.4791
2.8748,0.4632
2.8748,0.527
2.8748,0.543
2.8748,2.779
2.8748,2.811
2.8908,4.4879
2.8908,4.472
2.8908,4.3602
2.8908,4.3921
2.8908,2.9068
2.8908,2.8589
2.8908,0.4951
2.8908,0.4791
2.8908,2.7471
2.8908,2.779
2.9068,4.472
2.9068,4.44
2.9068,4.3282
2.9068,4.3602
2.9068,2.8589
2.9068,2.8269
2.9068,0.543
2.9068,0.559
2.9068,2.6992
2.9068,2.7471
2.9228,4.44
2.9228,4.4081
2.9228,4.2963
2.9228,4.3282
2.9228,2.8269
2.9228,2.795
2.9228,0.5111
2.9228,0.4951
2.9228,0.559
2.9228,0.575
2.9228,2.6672
2.9228,2.6992
2.9387,4.4081
2.9387,4.3761
2.9387,4.2643
2.9387,4.2963
2.9387,2.795
2.9387,2.7471
2.9387,0.527
2.9387,0.5111
2.9387,0.575
2.9387,0.5909
2.9387,2.6193
2.9387,2.6672
2.9547,4.3761
2.9547,4.3442
2.9547,4.2324
2.9547,4.2643
2.9547,2.7471
2.9547,2.7151
2.9547,0.543
2.9547,0.527
2.9547,2.5874
2.9547,2.6193
2.9707,4.3442
2.9707,4.3123
2.9707,4.2005
2.9707,4.2324
2.9707,2.7151
2.9707,2.6672
2.9707,0.5909
2.9707,0.6069
2.9707,2.5554
2.9707,2.5874
2.9866,4.3123
2.9866,4.2803
2.9866,4.1845
2.9866,4.2005
2.9866,2.6672
2.9866,2.6353
2.9866,0.559
2.9866,0.543
2.9866,0.6069
2.9866,0.6229
2.9866,2.5075
2.9866,2.5554
3.0026,4.2803
3.0026,4.2484
3.0026,4.1525
3.0026,4.1845
3.0026,2.6353
3.0026,2.6033
3.0026,0.575
3.0026,0.559
3.0026,2.4756
3.0026,2.5075
3.0186,4.2484
3.0186,4.2164
3.0186,4.1206
3.0186,4.1525
3.0186,2.6033
3.0186,2.5554
3.0186,0.6229
3.0186,0.6388
3.0186,2.4276
3.0186,2.4756
3.0346,4.2164
3.0346,4.1845
3.0346,4.0887
3.0346,4.1206
3.0346,2.5554
3.0346,2.5235
3.0346,0.5909
3.0346,0.575
3.0346,2.3957
3.0346,2.4276
3.0505,4.1845
3.0505,4.1525
3.0505,4.0567
3.0505,4.0887
3.0505,2.5235
3.0505,2.4756
3.0505,0.6388
3.0505,0.6548
3.0505,2.3638
3.0505,2.3957
3.0665,4.1525
3.0665,4.1206
3.0665,4.0248
3.0665,4.0567
3.0665,2.4756
3.0665,2.4436
3.0665,0.6069
3.0665,0.5909
3.0665,2.3158
3.0665,2.3638
3.0825,4.1206
3.0825,4.0887
3.0825,3.9928
3.0825,4.0248
3.0825,2.4436
3.0825,2.4117
3.0825,0.6548
3.0825,0.6708
3.0825,2.2839
3.0825,2.3158
3.0984,4.0887
3.0984,4.0727
3.0984,3.9609
3.0984,3.9928
3.0984,2.4117
3.0984,2.3638
3.0984,0.6229
3.0984,0.6069
3.0984,2.252
3.0984,2.2839
3.1144,4.0727
3.1144,4.0407
3.1144,3.9289
3.1144,3.9609
3.1144,2.3638
3.1144,2.3318
3.1144,2.204
3.1144,2.252
3.1304,4.0407
3.1304,4.0088
3.1304,3.897
3.1304,3.9289
3.1304,2.3318
3.1304,2.2999
3.1304,2.1721
3.1304,2.204
3.1464,4.0088
3.1464,3.9769
3.1464,3.8651
3.1464,3.897
3.1464,2.2999
3.1464,2.252
3.1464,2.1402
3.1464,2.1721
3.1623,3.9769
3.1623,3.9449
3.1623,3.8331
3.1623,3.8651
3.1623,2.252
3.1623,2.22
3.1623,0.6388
3.1623,0.6229
3.1623,0.6708
3.1623,0.6868
3.1623,2.1082
3.1623,2.1402
3.1783,3.9449
3.1783,3.913
3.1783,3.8012
3.1783,3.8331
3.1783,2.22
3.1783,2.1881
3.1783,2.0763
3.1783,2.1082
3.1943,3.913
3.1943,3.881
3.1943,3.7692
3.1943,3.8012
3.1943,2.1881
3.1943,2.1561
3.1943,2.0284
3.1943,2.0763
3.2102,3.881
3.2102,3.8491
3.2102,3.7533
3.2102,3.7692
3.2102,2.1561
3.2102,2.1082
3.2102,1.9964
3.2102,2.0284
3.2262,3.8491
3.2262,3.8171
3.2262,3.7213
3.2262,3.7533
3.2262,2.1082
3.2262,2.0763
3.2262,1.9645
3.2262,1.9964
3.2422,3.8171
3.2422,3.7852
3.2422,3.6894
3.2422,3.7213
3.2422,2.0763
3.2422,2.0443
3.2422,1.9325
3.2422,1.9645
3.2582,3.7852
3.2582,3.7533
3.2582,3.6574
3.2582,3.6894
3.2582,2.0443
3.2582,2.0124
3.2582,1.9006
3.2582,1.9325
3.2741,3.7533
3.2741,3.7213
3.2741,3.6255
3.2741,3.6574
3.2741,2.0124
3.2741,1.9804
3.2741,0.6229
3.2741,0.6388
3.2741,0.6868
3.2741,0.6708
3.2741,1.8686
3.2741,1.9006
3.2901,3.7213
3.2901,3.6894
3.2901,3.5936
3.2901,3.6255
3.2901,1.9804
3.2901,1.9485
3.2901,1.8367
3.2901,1.8686
3.3061,3.6894
3.3061,3.6574
3.3061,3.5616
3.3061,3.5936
3.3061,1.9485
3.3061,1.9166
3.3061,1.8048
3.3061,1.8367
3.322,3.6574
3.322,3.6415
3.322,3.5297
3.322,3.5616
3.322,1.9166
3.322,1.8686
3.322,1.7728
3.322,1.8048
3.338,3.6415
3.338,3.6095
3.338,3.4977
3.338,3.5297
3.338,1.8686
3.338,1.8367
3.338,1.7249
3.338,1.7728
3.354,3.6095
3.354,3.5776
3.354,3.4658
3.354,3.4977
3.354,1.8367
3.354,1.8048
3.354,1.693
3.354,1.7249
3.37,3.5776
3.37,3.5456
3.37,3.4338
3.37,3.4658
3.37,1.8048
3.37,1.7728
3.37,0.6069
3.37,0.6229
3.37,0.6708
3.37,0.6548
3.37,1.661
3.37,1.693
3.3859,3.5456
3.3859,3.5137
3.3859,3.4019
3.3859,3.4338
3.3859,1.7728
3.3859,1.7409
3.3859,1.6291
3.3859,1.661
3.4019,3.5137
3.4019,3.4818
3.4019,3.37
3.4019,3.4019
3.4019,1.7409
3.4019,1.7089
3.4019,1.5971
3.4019,1.6291
3.4179,3.4818
3.4179,3.4498
3.4179,3.338
3.4179,3.37
3.4179,1.7089
3.4179,1.677
3.4179,0.5909
3.4179,0.6069
3.4179,1.5812
3.4179,1.5971
3.4338,3.4498
3.4338,3.4179
3.4338,3.322
3.4338,3.338
3.4338,1.677
3.4338,1.645
3.4338,0.6548
3.4338,0.6388
3.4338,1.5492
3.4338,1.5812
3.4498,3.4179
3.4498,3.3859
3.4498,3.2901
3.4498,3.322
3.4498,1.645
3.4498,1.6131
3.4498,1.5173
3.4498,1.5492
3.4658,3.3859
3.4658,3.354
3.4658,3.2582
3.4658,3.2901
3.4658,1.6131
3.4658,1.5812
3.4658,0.575
3.4658,0.5909
3.4658,1.4853
3.4658,1.5173
3.4818,3.354
3.4818,3.322
3.4818,3.2262
3.4818,3.2582
3.4818,1.5812
3.4818,1.5492
3.4818,0.6388
3.4818,0.6229
3.4818,1.4534
3.4818,1.4853
3.4977,3.322
3.4977,3.2901
3.4977,3.1943
3.4977,3.2262
3.4977,1.5492
3.4977,1.5173
3.4977,1.4214
3.4977,1.4534
3.5137,3.2901
3.5137,3.2582
3.5137,3.1623
3.5137,3.1943
3.5137,1.5173
3.5137,1.4853
3.5137,0.559
3.5137,0.575
3.5137,0.6229
3.5137,0.6069
3.5137,1.3895
3.5137,1.4214
3.5297,3.2582
3.5297,3.2262
3.5297,3.1304
3.5297,3.1623
3.5297,1.4853
3.5297,1.4534
3.5297,1.3576
3.5297,1.3895
3.5456,3.2262
3.5456,3.2102
3.5456,3.0984
3.5456,3.1304
3.5456,1.4534
3.5456,1.4214
3.5456,0.543
3.5456,0.559
3.5456,1.3256
3.5456,1.3576
3.5616,3.2102
3.5616,3.1783
3.5616,3.0665
3.5616,3.0984
3.5616,1.4214
3.5616,1.3895
3.5616,0.6069
3.5616,0.5909
3.5616,1.2937
3.5616,1.3256
3.5776,3.1783
3.5776,3.1464
3.5776,3.0346
3.5776,3.0665
3.5776,1.3895
3.5776,1.3576
3.5776,1.2617
3.5776,1.2937
3.5936,3.1464
3.5936,3.1144
3.5936,3.0026
3.5936,3.0346
3.5936,1.3576
3.5936,1.3416
3.5936,0.527
3.5936,0.543
3.5936,0.5909
3.5936,0.575
3.5936,1.2298
3.5936,1.2617
3.6095,3.1144
3.6095,3.0825
3.6095,2.9707
3.6095,3.0026
3.6095,1.3416
3.6095,1.3096
3.6095,1.1978
3.6095,1.2298
3.6255,3.0825
3.6255,3.0505
3.6255,2.9387
3.6255,2.9707
3.6255,1.3096
3.6255,1.2777
3.6255,0.5111
3.6255,0.527
3.6255,1.1659
3.6255,1.1978
3.6415,3.0505
3.6415,3.0186
3.6415,2.9068
3.6415,2.9387
3.6415,1.2777
3.6415,1.2458
3.6415,0.575
3.6415,0.559
3.6415,1.134
3.6415,1.1659
3.6574,3.0186
3.6574,2.9866
3.6574,2.8908
3.6574,2.9068
3.6574,1.2458
3.6574,1.2138
3.6574,1.102
3.6574,1.134
3.6734,2.9866
3.6734,2.9547
3.6734,2.8589
3.6734,2.8908
3.6734,1.2138
3.6734,1.1819
3.6734,0.4951
3.6734,0.5111
3.6734,0.559
3.6734,0.543
3.6734,1.0701
3.6734,1.102
3.6894,2.9547
3.6894,2.9228
3.6894,2.8269
3.6894,2.8589
3.6894,1.1819
3.6894,1.1499
3.6894,1.0381
3.6894,1.0701
3.7054,2.9228
3.7054,2.8908
3.7054,2.795
3.7054,2.8269
3.7054,1.1499
3.7054,1.118
3.7054,1.0062
3.7054,1.0381
3.7213,2.8908
3.7213,2.8589
3.7213,2.763
3.7213,2.795
3.7213,1.118
3.7213,1.086
3.7213,0.4791
3.7213,0.4951
3.7213,0.543
3.7213,0.527
3.7213,0.9742
3.7213,1.0062
3.7373,2.8589
3.7373,2.8269
3.7373,2.7311
3.7373,2.763
3.7373,1.086
3.7373,1.0541
3.7373,0.9423
3.7373,0.9742
3.7533,2.8269
3.7533,2.795
3.7533,2.6992
3.7533,2.7311
3.7533,1.0541
3.7533,1.0222
3.7533,0.9104
3.7533,0.9423
3.7692,2.795
3.7692,2.779
3.7692,2.6672
3.7692,2.6992
3.7692,1.0222
3.7692,0.9902
3.7692,0.4632
3.7692,0.4791
3.7692,0.8944
3.7692,0.9104
3.7852,2.779
3.7852,2.7471
3.7852,2.6353
3.7852,2.6672
3.7852,0.9902
3.7852,0.9583
3.7852,0.527
3.7852,0.5111
3.7852,0.8624
3.7852,0.8944
3.8012,2.7471
3.8012,2.7151
3.8012,2.6033
3.8012,2.6353
3.8012,0.9583
3.8012,0.9263
3.8012,0.8305
3.8012,0.8624
3.8172,2.7151
3.8172,2.6832
3.8172,2.5714
3.8172,2.6033
3.8172,0.9263
3.8172,0.8944
3.8172,0.4472
3.8172,0.4632
3.8172,0.5111
3.8172,0.4951
3.8172,0.7986
3.8172,0.8305
3.8331,2.6832
3.8331,2.6512
3.8331,2.5394
3.8331,2.5714
3.8331,0.8944
3.8331,0.8624
3.8331,0.4312
3.8331,0.4472
3.8331,0.7506
3.8331,0.7986
3.8491,2.6512
3.8491,2.6193
3.8491,2.5075
3.8491,2.5394
3.8491,0.8624
3.8491,0.8305
3.8491,0.4951
3.8491,0.4791
3.8491,0.7187
3.8491,0.7506
3.8651,2.6193
3.8651,2.5874
3.8651,2.4915
3.8651,2.5075
3.8651,0.8305
3.8651,0.7986
3.8651,0.4152
3.8651,0.4312
3.8651,0.6868
3.8651,0.7187
3.881,2.5874
3.881,2.5554
3.881,2.4596
3.881,2.4915
3.881,0.7986
3.881,0.7666
3.881,0.3993
3.881,0.4152
3.881,0.4791
3.881,0.4632
3.881,0.6548
3.881,0.6868
3.897,2.5554
3.897,2.5235
3.897,2.4276
3.897,2.4596
3.897,0.7666
3.897,0.7347
3.897,0.4632
3.897,0.4472
3.897,0.6229
3.897,0.6548
3.913,2.5235
3.913,2.4915
3.913,2.3957
3.913,2.4276
3.913,0.7347
3.913,0.7027
3.913,0.3833
3.913,0.3993
3.913,0.5909
3.913,0.6229
3.929,2.4915
3.929,2.4596
3.929,2.3638
3.929,2.3957
3.929,0.7027
3.929,0.6708
3.929,0.3673
3.929,0.3833
3.929,0.4472
3.929,0.4312
3.929,0.543
3.929,0.5909
3.9449,2.4596
3.9449,2.4276
3.9449,2.3318
3.9449,2.3638
3.9449,0.6708
3.9449,0.6388
3.9449,0.4312
3.9449,0.4152
3.9449,0.5111
3.9449,0.543
3.9609,2.4276
3.9609,2.3957
3.9609,2.2999
3.9609,2.3318
3.9609,0.6388
3.9609,0.5909
3.9609,0.3514
3.9609,0.3673
3.9609,0.4152
3.9609,0.3993
3.9609,0.4632
3.9609,0.5111
3.9769,2.3957
3.9769,2.3797
3.9769,2.2679
3.9769,2.2999
3.9769,0.5909
3.9769,0.559
3.9769,0.3993
3.9769,0.4632
3.9928,2.3797
3.9928,2.3478
3.9928,2.236
3.9928,2.2679
3.9928,0.559
3.9928,0.5111
4.0088,2.3478
4.0088,2.3158
4.0088,2.204
4.0088,2.236
4.0088,0.5111
4.0088,0.4791
4.0248,2.3158
4.0248,2.2839
4.0248,2.1721
4.0248,2.204
4.0248,0.4791
4.0248,0.4152
4.0248,0.3833
4.0248,0.3514
4.0408,2.2839
4.0408,2.252
4.0408,2.1402
4.0408,2.1721
4.0408,0.4152
4.0408,0.3833
4.0567,2.252
4.0567,2.22
4.0567,2.1242
4.0567,2.1402
4.0727,2.22
4.0727,2.1881
4.0727,2.0922
4.0727,2.1242
4.0887,2.1881
4.0887,2.1561
4.0887,2.0603
4.0887,2.0922
4.1046,2.1561
4.1046,2.1242
4.1046,2.0284
4.1046,2.0603
4.1206,2.1242
4.1206,2.0922
4.1206,1.9964
4.1206,2.0284
4.1366,2.0922
4.1366,2.0763
4.1366,1.9645
4.1366,1.9964
4.1526,2.0763
4.1526,2.0443
4.1526,1.9325
4.1526,1.9645
4.1685,2.0443
4.1685,2.0124
4.1685,1.9006
4.1685,1.9325
4.1845,2.0124
4.1845,1.9804
4.1845,1.8686
4.1845,1.9006
4.2005,1.9804
4.2005,1.9485
4.2005,1.8367
4.2005,1.8686
4.2164,1.9485
4.2164,1.9166
4.2164,1.8207
4.2164,1.8367
4.2324,1.9166
4.2324,1.8846
4.2324,1.7888
4.2324,1.8207
4.2484,1.8846
4.2484,1.8527
4.2484,1.7568
4.2484,1.7888
4.2644,1.8527
4.2644,1.8207
4.2644,1.7249
4.2644,1.7568
4.2803,1.8207
4.2803,1.7888
4.2803,1.693
4.2803,1.7249
4.2963,1.7888
4.2963,1.7728
4.2963,1.661
4.2963,1.693
4.3123,1.7728
4.3123,1.7409
4.3123,1.6291
4.3123,1.661
4.3282,1.7409
4.3282,1.7089
4.3282,1.5971
4.3282,1.6291
4.3442,1.7089
4.3442,1.677
4.3442,1.5812
4.3442,1.5971
4.3602,1.677
4.3602,1.645
4.3602,1.5492
4.3602,1.5812
4.3762,1.645
4.3762,1.6131
4.3762,1.5173
4.3762,1.5492
4.3921,1.6131
4.3921,1.5812
4.3921,1.4853
4.3921,1.5173
4.4081,1.5812
4.4081,1.5492
4.4081,1.4534
4.4081,1.4853
4.4241,1.5492
4.4241,1.5332
4.4241,1.4214
4.4241,1.4534
4.44,1.5332
4.44,1.5013
4.44,1.3895
4.44,1.4214
4.456,1.5013
4.456,1.4694
4.456,1.3735
4.456,1.3895
4.472,1.4694
4.472,1.4374
4.472,1.3416
4.472,1.3735
4.488,1.4374
4.488,1.4055
4.488,1.3096
4.488,1.3416
4.5039,1.4055
4.5039,1.3735
4.5039,1.2777
4.5039,1.3096
4.5199,1.3735
4.5199,1.3576
4.5199,1.2458
4.5199,1.2777
4.5359,1.3576
4.5359,1.3256
4.5359,1.2138
4.5359,1.2458
4.5518,1.3256
4.5518,1.2937
4.5518,1.1978
4.5518,1.2138
4.5678,1.2937
4.5678,1.2617
4.5678,1.1659
4.5678,1.1978
4.5838,1.2617
4.5838,1.2298
4.5838,1.134
4.5838,1.1659
4.5998,1.2298
4.5998,1.1978
4.5998,1.102
4.5998,1.134
4.6157,1.1978
4.6157,1.1819
4.6157,1.0701
4.6157,1.102
4.6317,1.1819
4.6317,1.1499
4.6317,1.0541
4.6317,1.0701
4.6477,1.1499
4.6477,1.118
4.6477,1.0222
4.6477,1.0541
4.6636,1.118
4.6636,1.086
4.6636,0.9902
4.6636,1.0222
4.6796,1.086
4.6796,1.0541
4.6796,0.9583
4.6796,0.9902
4.6956,1.0541
4.6956,1.0381
4.6956,0.9423
4.6956,0.9583
4.7116,1.0381
4.7116,1.0062
4.7116,0.9104
4.7116,0.9423
4.7275,1.0062
4.7275,0.9742
4.7275,0.8784
4.7275,0.9104
4.7435,0.9742
4.7435,0.9423
4.7435,0.8465
4.7435,0.8784
4.7595,0.9423
4.7595,0.9263
4.7595,0.8305
4.7595,0.8465
4.7754,0.9263
4.7754,0.8944
4.7754,0.7986
4.7754,0.8305
4.7914,0.8944
4.7914,0.8624
4.7914,0.7666
4.7914,0.7986
4.8074,0.8624
4.8074,0.8305
4.8074,0.7506
4.8074,0.7666
4.8234,0.8305
4.8234,0.8145
4.8234,0.7187
4.8234,0.7506
4.8393,0.8145
4.8393,0.7826
4.8393,0.6868
4.8393,0.7187
4.8553,0.7826
4.8553,0.7506
4.8553,0.6708
4.8553,0.6868
4.8713,0.7506
4.8713,0.7347
4.8713,0.6388
4.8713,0.6708
4.8872,0.7347
4.8872,0.7027
4.8872,0.6069
4.8872,0.6388
4.9032,0.7027
4.9032,0.6708
4.9032,0.5909
4.9032,0.6069
4.9192,0.6708
4.9192,0.6548
4.9192,0.559
4.9192,0.5909
4.9352,0.6548
4.9352,0.6229
4.9352,0.543
4.9352,0.559
4.9511,0.6229
4.9511,0.6069
4.9511,0.5111
4.9511,0.543
4.9671,0.6069
4.9671,0.575
4.9671,0.4951
4.9671,0.5111
4.9831,0.575
4.9831,0.559
4.9831,0.4791
4.9831,0.4951
4.999,0.559
4.999,0.527
4.999,0.4472
4.999,0.4791
5.015,0.527
5.015,0.5111
5.015,0.4312
5.015,0.4472
5.031,0.5111
5.031,0.4791
5.031,0.3993
5.031,0.4312
5.047,0.4791
5.047,0.4632
5.047,0.3833
5.047,0.3993
5.0629,0.4632
5.0629,0.4472
5.0629,0.3673
5.0629,0.3833
5.0789,0.4472
5.0789,0.4152
5.0789,0.3514
5.0789,0.3673
5.0949,0.4152
5.0949,0.3993
5.0949,0.3354
5.0949,0.3514
5.1108,0.3993
5.1108,0.3833
5.1108,0.3194
5.1108,0.3354
5.1268,0.3833
5.1268,0.3673
5.1268,0.3034
5.1268,0.3194
5.1428,0.3673
5.1428,0.3514
5.1428,0.2875
5.1428,0.3034
5.1588,0.3514
5.1588,0.3354
5.1588,0.2715
5.1588,0.2875
5.1747,0.3354
5.1747,0.3194
5.2226,0.3194
5.2226,0.3673
5.2386,0.3673
5.2386,0.7347
5.2386,0.2875
5.2386,0.2715
5.2546,0.7347
5.2546,0.7986
5.2546,0.3034
5.2546,0.2875
5.2706,0.7986
5.2706,0.8305
5.2706,0.3673
5.2706,0.3034
5.2865,0.8305
5.2865,0.8624
5.2865,0.7347
5.2865,0.3673
5.3025,0.7826
5.3025,0.7347
5.3185,0.8624
5.3185,0.8784
5.3185,0.8145
5.3185,0.7826
5.3344,0.8305
5.3344,0.8145
5.3983,0.8784
5.3983,0.8944
5.3983,0.8465
5.3983,0.8305
5.7337,3.5616
5.7337,3.7852
5.7497,3.4498
5.7497,3.5616
5.7497,3.7852
5.7497,3.8171
5.7657,3.37
5.7657,3.4498
5.7657,3.8171
5.7657,3.8331
5.7816,3.2901
5.7816,3.37
5.7816,3.8331
5.7816,3.8491
5.7816,3.7692
5.7816,3.5616
5.7976,3.2262
5.7976,3.2901
5.7976,3.8012
5.7976,3.7692
5.7976,3.5616
5.7976,3.4658
5.8136,3.1464
5.8136,3.2262
5.8136,3.4658
5.8136,3.37
5.8296,0.8944
5.8296,0.8784
5.8296,3.0825
5.8296,3.1464
5.8296,3.37
5.8296,3.3061
5.8296,0.8305
5.8296,0.8465
5.8455,3.0186
5.8455,3.0825
5.8455,3.8491
5.8455,3.8331
5.8455,3.7852
5.8455,3.8012
5.8455,3.3061
5.8455,3.2262
5.8615,2.9547
5.8615,3.0186
5.8615,3.2262
5.8615,3.1623
5.8775,2.9068
5.8775,2.9547
5.8775,3.8331
5.8775,3.8171
5.8775,3.7692
5.8775,3.7852
5.8775,3.1623
5.8775,3.0984
5.8934,2.8429
5.8934,2.9068
5.8934,3.7533
5.8934,3.7692
5.8934,3.0984
5.8934,3.0346
5.9094,2.779
5.9094,2.8429
5.9094,3.8171
5.9094,3.8012
5.9094,3.7373
5.9094,3.7533
5.9094,3.0346
5.9094,2.9707
5.9254,2.7311
5.9254,2.779
5.9254,3.8012
5.9254,3.7852
5.9254,3.7213
5.9254,3.7373
5.9254,2.9707
5.9254,2.9068
5.9414,2.6672
5.9414,2.7311
5.9414,3.7852
5.9414,3.7692
5.9414,3.7054
5.9414,3.7213
5.9414,2.9068
5.9414,2.8429
5.9573,2.6033
5.9573,2.6672
5.9573,3.6894
5.9573,3.7054
5.9573,2.8429
5.9573,2.795
5.9733,2.5554
5.9733,2.6033
5.9733,3.7692
5.9733,3.7533
5.9733,3.6734
5.9733,3.6894
5.9733,2.795
5.9733,2.7311
5.9893,2.4915
5.9893,2.5554
5.9893,3.7533
5.9893,3.7373
5.9893,3.6574
5.9893,3.6734
5.9893,2.7311
5.9893,2.6672
6.0052,2.4436
6.0052,2.4915
6.0052,3.7373
6.0052,3.7213
6.0052,3.6415
6.0052,3.6574
6.0052,2.6672
6.0052,2.6193
6.0212,2.3797
6.0212,2.4436
6.0212,3.7213
6.0212,3.7054
6.0212,3.6255
6.0212,3.6415
6.0212,2.6193
6.0212,2.5554
6.0372,2.3318
6.0372,2.3797
6.0372,3.7054
6.0372,3.6734
6.0372,3.6095
6.0372,3.6255
6.0372,2.5554
6.0372,2.5075
6.0532,2.2679
6.0532,2.3318
6.0532,3.6734
6.0532,3.6574
6.0532,3.5936
6.0532,3.6095
6.0532,2.5075
6.0532,2.4436
6.0691,2.22
6.0691,2.2679
6.0691,3.6574
6.0691,3.6415
6.0691,3.5776
6.0691,3.5936
6.0691,2.4436
6.0691,2.3957
6.0851,2.1721
6.0851,2.22
6.0851,3.6415
6.0851,3.6255
6.0851,3.5616
6.0851,3.5776
6.0851,2.3957
6.0851,2.3318
6.1011,2.1082
6.1011,2.1721
6.1011,3.6255
6.1011,3.6095
6.1011,3.5456
6.1011,3.5616
6.1011,2.3318
6.1011,2.2839
6.117,2.0603
6.117,2.1082
6.117,3.6095
6.117,3.5936
6.117,3.5137
6.117,3.5456
6.117,2.2839
6.117,2.22
6.133,1.9964
6.133,2.0603
6.133,3.5936
6.133,3.5776
6.133,3.4977
6.133,3.5137
6.133,2.22
6.133,2.1721
6.149,1.9485
6.149,1.9964
6.149,3.5776
6.149,3.5616
6.149,3.4818
6.149,3.4977
6.149,2.1721
6.149,2.1242
6.165,1.9006
6.165,1.9485
6.165,3.5616
6.165,3.5297
6.165,3.4658
6.165,3.4818
6.165,2.1242
6.165,2.0603
6.1809,1.8367
6.1809,1.9006
6.1809,3.5297
6.1809,3.5137
6.1809,3.4498
6.1809,3.4658
6.1809,2.0603
6.1809,2.0124
6.1969,1.7888
6.1969,1.8367
6.1969,3.5137
6.1969,3.4977
6.1969,3.4179
6.1969,3.4498
6.1969,2.0124
6.1969,1.9485
6.2129,1.7249
6.2129,1.7888
6.2129,3.4977
6.2129,3.4818
6.2129,3.4019
6.2129,3.4179
6.2129,1.9485
6.2129,1.9006
6.2288,0.8784
6.2288,0.8624
6.2288,1.677
6.2288,1.7249
6.2288,3.4818
6.2288,3.4658
6.2288,3.3859
6.2288,3.4019
6.2288,1.9006
6.2288,1.8527
6.2288,0.8145
6.2288,0.8305
6.2448,1.6291
6.2448,1.677
6.2448,3.4658
6.2448,3.4338
6.2448,3.37
6.2448,3.3859
6.2448,1.8527
6.2448,1.7888
6.2608,1.5652
6.2608,1.6291
6.2608,3.4338
6.2608,3.4179
6.2608,3.338
6.2608,3.37
6.2608,1.7888
6.2608,1.7409
6.2608,0.7986
6.2608,0.8145
6.2768,0.8624
6.2768,0.8465
6.2768,1.5173
6.2768,1.5652
6.2768,3.4179
6.2768,3.4019
6.2768,3.322
6.2768,3.338
6.2768,1.7409
6.2768,1.677
6.2768,0.7826
6.2768,0.7986
6.2927,0.8465
6.2927,0.8305
6.2927,1.4534
6.2927,1.5173
6.2927,3.4019
6.2927,3.3859
6.2927,3.3061
6.2927,3.322
6.2927,1.677
6.2927,1.6291
6.2927,0.7666
6.2927,0.7826
6.3087,1.3895
6.3087,1.4534
6.3087,3.3859
6.3087,3.37
6.3087,3.2901
6.3087,3.3061
6.3087,1.6291
6.3087,1.5652
6.3247,0.8305
6.3247,0.8145
6.3247,1.3416
6.3247,1.3895
6.3247,3.37
6.3247,3.338
6.3247,3.2582
6.3247,3.2901
6.3247,1.5652
6.3247,1.5173
6.3247,0.7506
6.3247,0.7666
6.3406,0.8145
6.3406,0.7986
6.3406,1.2777
6.3406,1.3416
6.3406,3.338
6.3406,3.322
6.3406,3.2422
6.3406,3.2582
6.3406,1.5173
6.3406,1.4534
6.3406,0.7347
6.3406,0.7506
6.3566,0.7986
6.3566,0.7826
6.3566,1.2138
6.3566,1.2777
6.3566,3.322
6.3566,3.3061
6.3566,3.2262
6.3566,3.2422
6.3566,1.4534
6.3566,1.4055
6.3566,0.7187
6.3566,0.7347
6.3726,0.7826
6.3726,0.7666
6.3726,1.1499
6.3726,1.2138
6.3726,3.3061
6.3726,3.2741
6.3726,3.2102
6.3726,3.2262
6.3726,1.4055
6.3726,1.3416
6.3726,0.7027
6.3726,0.7187
6.3886,0.7666
6.3886,0.7506
6.3886,1.086
6.3886,1.1499
6.3886,3.2741
6.3886,3.2582
6.3886,3.1783
6.3886,3.2102
6.3886,1.3416
6.3886,1.2937
6.3886,0.6868
6.3886,0.7027
6.4045,0.7506
6.4045,0.7347
6.4045,1.0222
6.4045,1.086
6.4045,3.2582
6.4045,3.2422
6.4045,3.1623
6.4045,3.1783
6.4045,1.2937
6.4045,1.2298
6.4045,0.6708
6.4045,0.6868
6.4205,0.7347
6.4205,0.7187
6.4205,0.9263
6.4205,1.0222
6.4205,3.2422
6.4205,3.2262
6.4205,3.1464
6.4205,3.1623
6.4205,1.2298
6.4205,1.1659
6.4365,0.7187
6.4365,0.9263
6.4365,3.2262
6.4365,3.1943
6.4365,3.1144
6.4365,3.1464
6.4365,1.1659
6.4365,1.102
6.4524,3.1943
6.4524,3.1783
6.4524,3.0984
6.4524,3.1144
6.4524,1.102
6.4524,1.0222
6.4684,3.1783
6.4684,3.1623
6.4684,3.0825
6.4684,3.0984
6.4684,1.0222
6.4684,0.9263
6.4684,0.7027
6.4684,0.6708
6.4844,3.1623
6.4844,3.1304
6.4844,3.0505
6.4844,3.0825
6.4844,0.9263
6.4844,0.7027
6.5004,3.1304
6.5004,3.1144
6.5004,3.0346
6.5004,3.0505
6.5163,3.1144
6.5163,3.0984
6.5163,3.0186
6.5163,3.0346
6.5323,3.0984
6.5323,3.0665
6.5323,2.9866
6.5323,3.0186
6.5483,3.0665
6.5483,3.0505
6.5483,2.9707
6.5483,2.9866
6.5642,3.0505
6.5642,3.0346
6.5642,2.9547
6.5642,2.9707
6.5802,3.0346
6.5802,3.0026
6.5802,2.9228
6.5802,2.9547
6.5962,3.0026
6.5962,2.9866
6.5962,2.9068
6.5962,2.9228
6.6122,2.9866
6.6122,2.9707
6.6122,2.8908
6.6122,2.9068
6.6281,2.9707
6.6281,2.9387
6.6281,2.8589
6.6281,2.8908
6.6441,2.9387
6.6441,2.9228
6.6441,2.8429
6.6441,2.8589
6.6601,2.9228
6.6601,2.9068
6.6601,2.8269
6.6601,2.8429
6.676,2.9068
6.676,2.8748
6.676,2.795
6.676,2.8269
6.692,2.8748
6.692,2.8589
6.692,2.779
6.692,2.795
6.708,2.8589
6.708,2.8429
6.708,2.763
6.708,2.779
6.724,2.8429
6.724,2.811
6.724,2.7311
6.724,2.763
6.7399,2.811
6.7399,2.795
6.7399,2.7151
6.7399,2.7311
6.7559,2.795
6.7559,2.779
6.7559,2.6992
6.7559,2.7151
6.7719,2.779
6.7719,2.7471
6.7719,2.6672
6.7719,2.6992
6.7878,2.7471
6.7878,2.7311
6.7878,2.6512
6.7878,2.6672
6.8038,2.7311
6.8038,2.7151
6.8038,2.6353
6.8038,2.6512
6.8198,2.7151
6.8198,2.6832
6.8198,2.6033
6.8198,2.6353
6.8358,2.6832
6.8358,2.6672
6.8358,2.5874
6.8358,2.6033
6.8517,2.6672
6.8517,2.6512
6.8517,2.5554
6.8517,2.5874
6.8677,2.6512
6.8677,2.6193
6.8677,2.5394
6.8677,2.5554
6.8837,2.6193
6.8837,2.6033
6.8837,2.5235
6.8837,2.5394
6.8996,2.6033
6.8996,2.5714
6.8996,2.4915
6.8996,2.5235
6.9156,2.5714
6.9156,2.5554
6.9156,2.4756
6.9156,2.4915
6.9316,2.5554
6.9316,2.5394
6.9316,2.4596
6.9316,2.4756
6.9476,2.5394
6.9476,2.5075
6.9476,2.4276
6.9476,2.4596
6.9635,2.5075
6.9635,2.4915
6.9635,2.4117
6.9635,2.4276
6.9795,2.4915
6.9795,2.4756
6.9795,2.3797
6.9795,2.4117
6.9955,2.4756
6.9955,2.4436
6.9955,2.3638
6.9955,2.3797
7.0114,2.4436
7.0114,2.4276
7.0114,2.3478
7.0114,2.3638
7.0274,2.4276
7.0274,2.3957
7.0274,2.3158
7.0274,2.3478
7.0434,2.3957
7.0434,2.3797
7.0434,2.2999
7.0434,2.3158
7.0594,2.3797
7.0594,2.3638
7.0594,2.2839
7.0594,2.2999
7.0753,2.3638
7.0753,2.3318
7.0753,2.252
7.0753,2.2839
7.0913,2.3318
7.0913,2.3158
7.0913,2.236
7.0913,2.252
7.1073,2.3158
7.1073,2.2999
7.1073,2.204
7.1073,2.236
7.1232,2.2999
7.1232,2.2679
7.1232,3.5776
7.1232,3.6894
7.1232,2.1881
7.1232,2.204
7.1392,2.2679
7.1392,2.252
7.1392,3.5137
7.1392,3.5776
7.1392,3.6894
7.1392,3.7054
7.1392,2.1721
7.1392,2.1881
7.1552,2.252
7.1552,2.22
7.1552,3.4658
7.1552,3.5137
7.1552,2.1402
7.1552,2.1721
7.1712,2.22
7.1712,2.204
7.1712,3.4338
7.1712,3.4658
7.1712,3.7054
7.1712,3.6894
7.1712,3.6255
7.1712,3.5776
7.1712,2.1242
7.1712,2.1402
7.1871,2.204
7.1871,2.1881
7.1871,3.3859
7.1871,3.4338
7.1871,3.5776
7.1871,3.5297
7.1871,2.1082
7.1871,2.1242
7.2031,2.1881
7.2031,2.1561
7.2031,3.354
7.2031,3.3859
7.2031,3.6894
7.2031,3.6734
7.2031,3.6095
7.2031,3.6255
7.2031,3.5297
7.2031,3.4818
7.2031,2.0763
7.2031,2.1082
7.2191,2.1561
7.2191,2.1402
7.2191,3.3061
7.2191,3.354
7.2191,3.6734
7.2191,3.6574
7.2191,3.5936
7.2191,3.6095
7.2191,3.4818
7.2191,3.4338
7.2191,2.0603
7.2191,2.0763
7.235,2.1402
7.235,2.1082
7.235,3.2741
7.235,3.3061
7.235,3.6574
7.235,3.6415
7.235,3.5616
7.235,3.5936
7.235,3.4338
7.235,3.4019
7.235,2.0284
7.235,2.0603
7.251,2.1082
7.251,2.0922
7.251,3.2262
7.251,3.2741
7.251,3.6415
7.251,3.6255
7.251,3.5456
7.251,3.5616
7.251,3.4019
7.251,3.354
7.251,2.0124
7.251,2.0284
7.267,2.0922
7.267,2.0763
7.267,3.1943
7.267,3.2262
7.267,3.6255
7.267,3.6095
7.267,3.5297
7.267,3.5456
7.267,3.354
7.267,3.322
7.267,1.9964
7.267,2.0124
7.283,2.0763
7.283,2.0443
7.283,3.1464
7.283,3.1943
7.283,3.6095
7.283,3.5936
7.283,3.5137
7.283,3.5297
7.283,3.322
7.283,3.2741
7.283,1.9645
7.283,1.9964
7.2989,2.0443
7.2989,2.0284
7.2989,3.1144
7.2989,3.1464
7.2989,3.5936
7.2989,3.5616
7.2989,3.4977
7.2989,3.5137
7.2989,3.2741
7.2989,3.2422
7.2989,1.9485
7.2989,1.9645
7.3149,2.0284
7.3149,2.0124
7.3149,3.0825
7.3149,3.1144
7.3149,3.5616
7.3149,3.5456
7.3149,3.4658
7.3149,3.4977
7.3149,3.2422
7.3149,3.1943
7.3149,1.9166
7.3149,1.9485
7.3309,2.0124
7.3309,1.9804
7.3309,3.0505
7.3309,3.0825
7.3309,3.5456
7.3309,3.5297
7.3309,3.4498
7.3309,3.4658
7.3309,3.1943
7.3309,3.1623
7.3309,1.9006
7.3309,1.9166
7.3468,1.9804
7.3468,1.9645
7.3468,3.0026
7.3468,3.0505
7.3468,3.5297
7.3468,3.5137
7.3468,3.4338
7.3468,3.4498
7.3468,3.1623
7.3468,3.1304
7.3468,1.8846
7.3468,1.9006
7.3628,1.9645
7.3628,1.9325
7.3628,2.9707
7.3628,3.0026
7.3628,3.5137
7.3628,3.4977
7.3628,3.4179
7.3628,3.4338
7.3628,3.1304
7.3628,3.0825
7.3628,1.8527
7.3628,1.8846
7.3788,1.9325
7.3788,1.9166
7.3788,2.9387
7.3788,2.9707
7.3788,3.4977
7.3788,3.4658
7.3788,3.3859
7.3788,3.4179
7.3788,3.0825
7.3788,3.0505
7.3788,1.8367
7.3788,1.8527
7.3948,1.9166
7.3948,1.9006
7.3948,2.8908
7.3948,2.9387
7.3948,3.4658
7.3948,3.4498
7.3948,3.37
7.3948,3.3859
7.3948,3.0505
7.3948,3.0186
7.3948,1.8207
7.3948,1.8367
7.4107,1.9006
7.4107,1.8686
7.4107,2.8589
7.4107,2.8908
7.4107,3.4498
7.4107,3.4338
7.4107,3.354
7.4107,3.37
7.4107,3.0186
7.4107,2.9866
7.4107,1.7888
7.4107,1.8207
7.4267,1.8686
7.4267,1.8527
7.4267,2.8269
7.4267,2.8589
7.4267,3.4338
7.4267,3.4019
7.4267,3.322
7.4267,3.354
7.4267,2.9866
7.4267,2.9387
7.4267,1.7728
7.4267,1.7888
7.4427,1.8527
7.4427,1.8367
7.4427,2.795
7.4427,2.8269
7.4427,3.4019
7.4427,3.3859
7.4427,3.3061
7.4427,3.322
7.4427,2.9387
7.4427,2.9068
7.4427,1.7409
7.4427,1.7728
7.4586,1.8367
7.4586,1.8048
7.4586,2.7471
7.4586,2.795
7.4586,3.3859
7.4586,3.37
7.4586,3.2901
7.4586,3.3061
7.4586,2.9068
7.4586,2.8748
7.4586,1.7249
7.4586,1.7409
7.4746,1.8048
7.4746,1.7888
7.4746,2.7151
7.4746,2.7471
7.4746,3.37
7.4746,3.338
7.4746,3.2582
7.4746,3.2901
7.4746,2.8748
7.4746,2.8429
7.4746,1.7089
7.4746,1.7249
7.4906,1.7888
7.4906,1.7568
7.4906,2.6832
7.4906,2.7151
7.4906,3.338
7.4906,3.322
7.4906,3.2422
7.4906,3.2582
7.4906,2.8429
7.4906,2.795
7.4906,1.677
7.4906,1.7089
7.5066,1.7568
7.5066,1.7409
7.5066,2.6512
7.5066,2.6832
7.5066,3.322
7.5066,3.3061
7.5066,3.2262
7.5066,3.2422
7.5066,2.795
7.5066,2.763
7.5066,1.661
7.5066,1.677
7.5225,1.7409
7.5225,1.7249
7.5225,2.6193
7.5225,2.6512
7.5225,3.3061
7.5225,3.2741
7.5225,3.1943
7.5225,3.2262
7.5225,2.763
7.5225,2.7311
7.5225,1.645
7.5225,1.661
7.5385,1.7249
7.5385,1.693
7.5385,2.5714
7.5385,2.6193
7.5385,3.2741
7.5385,3.2582
7.5385,3.1783
7.5385,3.1943
7.5385,2.7311
7.5385,2.6992
7.5385,1.6131
7.5385,1.645
7.5545,1.693
7.5545,1.677
7.5545,2.5394
7.5545,2.5714
7.5545,3.2582
7.5545,3.2422
7.5545,3.1623
7.5545,3.1783
7.5545,2.6992
7.5545,2.6512
7.5545,1.5971
7.5545,1.6131
7.5704,1.677
7.5704,1.661
7.5704,2.5075
7.5704,2.5394
7.5704,3.2422
7.5704,3.2102
7.5704,3.1304
7.5704,3.1623
7.5704,2.6512
7.5704,2.6193
7.5704,1.5652
7.5704,1.5971
7.5864,1.661
7.5864,1.6291
7.5864,2.4756
7.5864,2.5075
7.5864,3.2102
7.5864,3.1943
7.5864,3.1144
7.5864,3.1304
7.5864,2.6193
7.5864,2.5874
7.5864,1.5492
7.5864,1.5652
7.6024,1.6291
7.6024,1.6131
7.6024,2.4436
7.6024,2.4756
7.6024,3.1943
7.6024,3.1783
7.6024,3.0825
7.6024,3.1144
7.6024,2.5874
7.6024,2.5554
7.6024,1.5332
7.6024,1.5492
7.6183,1.6131
7.6183,1.5812
7.6183,2.3957
7.6183,2.4436
7.6183,3.1783
7.6183,3.1464
7.6183,3.0665
7.6183,3.0825
7.6183,2.5554
7.6183,2.5235
7.6183,1.5013
7.6183,1.5332
7.6343,1.5812
7.6343,1.5652
7.6343,2.3638
7.6343,2.3957
7.6343,3.1464
7.6343,3.1304
7.6343,3.0505
7.6343,3.0665
7.6343,2.5235
7.6343,2.4756
7.6343,1.4853
7.6343,1.5013
7.6503,1.5652
7.6503,1.5492
7.6503,2.3318
7.6503,2.3638
7.6503,3.1304
7.6503,3.0984
7.6503,3.0186
7.6503,3.0505
7.6503,2.4756
7.6503,2.4436
7.6503,1.4694
7.6503,1.4853
7.6663,1.5492
7.6663,1.5173
7.6663,2.2999
7.6663,2.3318
7.6663,3.0984
7.6663,3.0825
7.6663,3.0026
7.6663,3.0186
7.6663,2.4436
7.6663,2.4117
7.6663,1.4374
7.6663,1.4694
7.6822,1.5173
7.6822,1.5013
7.6822,2.2679
7.6822,2.2999
7.6822,3.0825
7.6822,3.0665
7.6822,2.9707
7.6822,3.0026
7.6822,2.4117
7.6822,2.3797
7.6822,1.4214
7.6822,1.4374
7.6982,1.5013
7.6982,1.4853
7.6982,2.22
7.6982,2.2679
7.6982,3.0665
7.6982,3.0346
7.6982,2.9547
7.6982,2.9707
7.6982,2.3797
7.6982,2.3478
7.6982,1.4055
7.6982,1.4214
7.7142,1.4853
7.7142,1.4534
7.7142,2.1881
7.7142,2.22
7.7142,3.0346
7.7142,3.0186
7.7142,2.9387
7.7142,2.9547
7.7142,2.3478
7.7142,2.2999
7.7142,1.3735
7.7142,1.4055
7.7301,1.4534
7.7301,1.4374
7.7301,2.1561
7.7301,2.1881
7.7301,3.0186
7.7301,2.9866
7.7301,2.9068
7.7301,2.9387
7.7301,2.2999
7.7301,2.2679
7.7301,1.3576
7.7301,1.3735
7.7461,1.4374
7.7461,1.4214
7.7461,2.1242
7.7461,2.1561
7.7461,2.9866
7.7461,2.9707
7.7461,2.8908
7.7461,2.9068
7.7461,2.2679
7.7461,2.236
7.7461,1.3416
7.7461,1.3576
7.7621,1.4214
7.7621,1.3895
7.7621,2.0922
7.7621,2.1242
7.7621,2.9707
7.7621,2.9547
7.7621,2.8589
7.7621,2.8908
7.7621,2.236
7.7621,2.204
7.7621,1.3096
7.7621,1.3416
7.7781,1.3895
7.7781,1.3735
7.7781,2.0443
7.7781,2.0922
7.7781,2.9547
7.7781,2.9228
7.7781,2.8429
7.7781,2.8589
7.7781,2.204
7.7781,2.1721
7.7781,1.2937
7.7781,1.3096
7.794,1.3735
7.794,1.3576
7.794,2.0124
7.794,2.0443
7.794,2.9228
7.794,2.9068
7.794,2.811
7.794,2.8429
7.794,2.1721
7.794,2.1242
7.794,1.2777
7.794,1.2937
7.81,1.3576
7.81,1.3256
7.81,1.9804
7.81,2.0124
7.81,2.9068
7.81,2.8748
7.81,2.795
7.81,2.811
7.81,2.1242
7.81,2.0922
7.81,1.2458
7.81,1.2777
7.826,1.3256
7.826,1.3096
7.826,1.9485
7.826,1.9804
7.826,2.8748
7.826,2.8589
7.826,2.779
7.826,2.795
7.826,2.0922
7.826,2.0603
7.826,1.2298
7.826,1.2458
7.8419,1.3096
7.8419,1.2937
7.8419,1.9006
7.8419,1.9485
7.8419,2.8589
7.8419,2.8269
7.8419,2.7471
7.8419,2.779
7.8419,2.0603
7.8419,2.0284
7.8419,1.2138
7.8419,1.2298
7.8579,1.2937
7.8579,1.2617
7.8579,1.8686
7.8579,1.9006
7.8579,2.8269
7.8579,2.811
7.8579,2.7311
7.8579,2.7471
7.8579,2.0284
7.8579,1.9964
7.8579,1.1819
7.8579,1.2138
7.8739,1.2617
7.8739,1.2458
7.8739,1.8367
7.8739,1.8686
7.8739,2.811
7.8739,2.795
7.8739,2.6992
7.8739,2.7311
7.8739,1.9964
7.8739,1.9485
7.8739,1.1659
7.8739,1.1819
7.8899,1.2458
7.8899,1.2298
7.8899,1.8048
7.8899,1.8367
7.8899,2.795
7.8899,2.763
7.8899,2.6832
7.8899,2.6992
7.8899,1.9485
7.8899,1.9166
7.8899,1.1499
7.8899,1.1659
7.9058,1.2298
7.9058,1.1978
7.9058,1.7728
7.9058,1.8048
7.9058,2.763
7.9058,2.7471
7.9058,2.6512
7.9058,2.6832
7.9058,1.9166
7.9058,1.8846
7.9058,1.118
7.9058,1.1499
7.9218,1.1978
7.9218,1.1819
7.9218,1.7249
7.9218,1.7728
7.9218,2.7471
7.9218,2.7151
7.9218,2.6353
7.9218,2.6512
7.9218,1.8846
7.9218,1.8527
7.9218,1.102
7.9218,1.118
7.9378,1.1819
7.9378,1.1659
7.9378,1.693
7.9378,1.7249
7.9378,2.7151
7.9378,2.6992
7.9378,2.6033
7.9378,2.6353
7.9378,1.8527
7.9378,1.8048
7.9378,1.086
7.9378,1.102
7.9537,1.1659
7.9537,1.134
7.9537,1.661
7.9537,1.693
7.9537,2.6992
7.9537,2.6672
7.9537,2.5874
7.9537,2.6033
7.9537,1.8048
7.9537,1.7728
7.9537,1.0701
7.9537,1.086
7.9697,1.134
7.9697,1.118
7.9697,1.6291
7.9697,1.661
7.9697,2.6672
7.9697,2.6512
7.9697,2.5714
7.9697,2.5874
7.9697,1.7728
7.9697,1.7409
7.9697,1.0381
7.9697,1.0701
7.9857,1.118
7.9857,1.102
7.9857,1.5812
7.9857,1.6291
7.9857,2.6512
7.9857,2.6193
7.9857,2.5394
7.9857,2.5714
7.9857,1.7409
7.9857,1.7089
7.9857,1.0222
7.9857,1.0381
8.0017,1.102
8.0017,1.086
8.0017,1.5492
8.0017,1.5812
8.0017,2.6193
8.0017,2.6033
8.0017,2.5235
8.0017,2.5394
8.0017,1.7089
8.0017,1.661
8.0017,1.0062
8.0017,1.0222
8.0176,1.086
8.0176,1.0541
8.0176,1.5173
8.0176,1.5492
8.0176,2.6033
8.0176,2.5874
8.0176,2.4915
8.0176,2.5235
8.0176,1.661
8.0176,1.6291
8.0176,0.9902
8.0176,1.0062
8.0336,1.0541
8.0336,1.0381
8.0336,1.4694
8.0336,1.5173
8.0336,2.5874
8.0336,2.5554
8.0336,2.4756
8.0336,2.4915
8.0336,1.6291
8.0336,1.5971
8.0336,0.9583
8.0336,0.9902
8.0496,1.0381
8.0496,1.0222
8.0496,1.4374
8.0496,1.4694
8.0496,2.5554
8.0496,2.5394
8.0496,2.4436
8.0496,2.4756
8.0496,1.5971
8.0496,1.5652
8.0496,0.9423
8.0496,0.9583
8.0655,1.0222
8.0655,1.0062
8.0655,1.4055
8.0655,1.4374
8.0655,2.5394
8.0655,2.5075
8.0655,2.4276
8.0655,2.4436
8.0655,1.5652
8.0655,1.5173
8.0655,0.9263
8.0655,0.9423
8.0815,1.0062
8.0815,0.9742
8.0815,1.3576
8.0815,1.4055
8.0815,2.5075
8.0815,2.4915
8.0815,2.3957
8.0815,2.4276
8.0815,1.5173
8.0815,1.4853
8.0815,0.9104
8.0815,0.9263
8.0975,0.9742
8.0975,0.9583
8.0975,1.3256
8.0975,1.3576
8.0975,2.4915
8.0975,2.4596
8.0975,2.3797
8.0975,2.3957
8.0975,1.4853
8.0975,1.4534
8.0975,0.8944
8.0975,0.9104
8.1135,0.9583
8.1135,0.9423
8.1135,1.2937
8.1135,1.3256
8.1135,2.4596
8.1135,2.4436
8.1135,2.3638
8.1135,2.3797
8.1135,1.4534
8.1135,1.4055
8.1135,0.8784
8.1135,0.8944
8.1294,0.9423
8.1294,0.9263
8.1294,1.2458
8.1294,1.2937
8.1294,2.4436
8.1294,2.4117
8.1294,2.3318
8.1294,2.3638
8.1294,1.4055
8.1294,1.3735
8.1294,0.8465
8.1294,0.8784
8.1454,0.9263
8.1454,0.9104
8.1454,1.2138
8.1454,1.2458
8.1454,2.4117
8.1454,2.3957
8.1454,2.3158
8.1454,2.3318
8.1454,1.3735
8.1454,1.3416
8.1454,0.8305
8.1454,0.8465
8.1614,0.9104
8.1614,0.8944
8.1614,1.1659
8.1614,1.2138
8.1614,2.3957
8.1614,2.3638
8.1614,2.2839
8.1614,2.3158
8.1614,1.3416
8.1614,1.2937
8.1614,0.8145
8.1614,0.8305
8.1773,0.8944
8.1773,0.8784
8.1773,1.134
8.1773,1.1659
8.1773,2.3638
8.1773,2.3478
8.1773,2.2679
8.1773,2.2839
8.1773,1.2937
8.1773,1.2617
8.1773,0.7986
8.1773,0.8145
8.1933,0.8784
8.1933,0.8624
8.1933,1.086
8.1933,1.134
8.1933,2.3478
8.1933,2.3318
8.1933,2.236
8.1933,2.2679
8.1933,1.2617
8.1933,1.2138
8.1933,0.7826
8.1933,0.7986
8.2093,0.8624
8.2093,0.8465
8.2093,1.0381
8.2093,1.086
8.2093,2.3318
8.2093,2.2999
8.2093,2.22
8.2093,2.236
8.2093,1.2138
8.2093,1.1819
8.2093,0.7666
8.2093,0.7826
8.2253,0.8465
8.2253,0.8305
8.2253,1.0062
8.2253,1.0381
8.2253,2.2999
8.2253,2.2839
8.2253,2.1881
8.2253,2.22
8.2253,1.1819
8.2253,1.134
8.2412,0.8305
8.2412,0.8145
8.2412,0.9583
8.2412,1.0062
8.2412,2.2839
8.2412,2.252
8.2412,2.1721
8.2412,2.1881
8.2412,1.134
8.2412,1.102
8.2412,0.7506
8.2412,0.7666
8.2572,0.8145
8.2572,0.7986
8.2572,0.9104
8.2572,0.9583
8.2572,2.252
8.2572,2.236
8.2572,2.1402
8.2572,2.1721
8.2572,1.102
8.2572,1.0541
8.2572,0.7347
8.2572,0.7506
8.2732,0.7986
8.2732,0.7826
8.2732,0.8465
8.2732,0.9104
8.2732,2.236
8.2732,2.204
8.2732,2.1242
8.2732,2.1402
8.2732,1.0541
8.2732,1.0062
8.2891,0.7826
8.2891,0.8465
8.2891,2.204
8.2891,2.1881
8.2891,2.0922
8.2891,2.1242
8.2891,1.0062
8.2891,0.9583
8.3051,2.1881
8.3051,2.1561
8.3051,2.0763
8.3051,2.0922
8.3051,0.9583
8.3051,0.9104
8.3211,2.1561
8.3211,2.1402
8.3211,2.0603
8.3211,2.0763
8.3211,0.9104
8.3211,0.8465
8.3211,0.7506
8.3211,0.7347
8.3371,2.1402
8.3371,2.1082
8.3371,2.0284
8.3371,2.0603
8.3371,0.8465
8.3371,0.7506
8.353,2.1082
8.353,2.0922
8.353,2.0124
8.353,2.0284
8.369,2.0922
8.369,2.0603
8.369,1.9804
8.369,2.0124
8.385,2.0603
8.385,2.0443
8.385,1.9645
8.385,1.9804
8.4009,2.0443
8.4009,2.0284
8.4009,1.9325
8.4009,1.9645
8.4169,2.0284
8.4169,1.9964
8.4169,1.9166
8.4169,1.9325
8.4329,1.9964
8.4329,1.9804
8.4329,1.8846
8.4329,1.9166
8.4489,1.9804
8.4489,1.9485
8.4489,1.8686
8.4489,1.8846
8.4648,1.9485
8.4648,1.9325
8.4648,1.8367
8.4648,1.8686
8.4808,1.9325
8.4808,1.9006
8.4808,1.8207
8.4808,1.8367
8.4968,1.9006
8.4968,1.8846
8.4968,1.7888
8.4968,1.8207
8.5127,1.8846
8.5127,1.8527
8.5127,1.7728
8.5127,1.7888
8.5287,1.8527
8.5287,1.8367
8.5287,1.7409
8.5287,1.7728
8.5447,1.8367
8.5447,1.8048
8.5447,1.7249
8.5447,1.7409
8.5607,1.8048
8.5607,1.7888
8.5607,1.7089
8.5607,1.7249
8.5766,1.7888
8.5766,1.7568
8.5766,1.677
8.5766,1.7089
8.5926,1.7568
8.5926,1.7409
8.5926,1.661
8.5926,1.677
8.6086,1.7409
8.6086,1.7089
8.6086,1.6291
8.6086,1.661
8.6245,1.7089
8.6245,1.693
8.6245,1.6131
8.6245,1.6291
8.6405,1.693
8.6405,1.677
8.6405,1.5812
8.6405,1.6131
8.6565,1.677
8.6565,1.645
8.6565,1.5652
8.6565,1.5812
8.6725,1.645
8.6725,1.6291
8.6725,1.5332
8.6725,1.5652
8.6884,1.6291
8.6884,1.5971
8.6884,1.5173
8.6884,1.5332
8.7044,1.5971
8.7044,1.5812
8.7044,1.4853
8.7044,1.5173
8.7204,1.5812
8.7204,1.5492
8.7204,1.4694
8.7204,1.4853
8.7363,1.5492
8.7363,1.5332
8.7363,1.4374
8.7363,1.4694
8.7523,1.5332
8.7523,1.5013
8.7523,1.4214
8.7523,1.4374
8.7683,1.5013
8.7683,1.4853
8.7683,1.4055
8.7683,1.4214
8.7843,1.4853
8.7843,1.4534
8.7843,1.3735
8.7843,1.4055
8.8002,1.4534
8.8002,1.4374
8.8002,1.3576
8.8002,1.3735
8.8162,1.4374
8.8162,1.4055
8.8162,1.3256
8.8162,1.3576
8.8322,1.4055
8.8322,1.3895
8.8322,1.3096
8.8322,1.3256
8.8481,1.3895
8.8481,1.3735
8.8481,1.2777
8.8481,1.3096
8.8641,1.3735
8.8641,1.3416
8.8641,1.2617
8.8641,1.2777
8.8801,1.3416
8.8801,1.3256
8.8801,1.2298
8.8801,1.2617
8.8961,1.3256
8.8961,1.2937
8.8961,1.2138
8.8961,1.2298
8.912,1.2937
8.912,1.2777
8.912,1.1978
8.912,1.2138
8.928,1.2777
8.928,1.2458
8.928,1.1659
8.928,1.1978
8.944,1.2458
8.944,1.2298
8.944,1.1499
8.944,1.1659
8.9599,1.2298
8.9599,1.1978
8.9599,1.118
8.9599,1.1499
8.9759,1.1978
8.9759,1.1819
8.9759,1.102
8.9759,1.118
8.9919,1.1819
8.9919,1.1659
8.9919,1.0701
8.9919,1.102
9.0079,1.1659
9.0079,1.134
9.0079,1.0541
9.0079,1.0701
9.0238,1.134
9.0238,1.118
9.0238,1.0381
9.0238,1.0541
9.0398,1.118
9.0398,1.086
9.0398,1.0062
9.0398,1.0381
9.0558,1.086
9.0558,1.0701
9.0558,0.9902
9.0558,1.0062
9.0717,1.0701
9.0717,1.0381
9.0717,0.9583
9.0717,0.9902
9.0877,1.0381
9.0877,1.0222
9.0877,0.9423
9.0877,0.9583
9.1037,1.0222
9.1037,1.0062
9.1037,0.9104
9.1037,0.9423
9.1197,1.0062
9.1197,0.9742
9.1197,0.8944
9.1197,0.9104
9.1356,0.9742
9.1356,0.9583
9.1356,0.8784
9.1356,0.8944
9.1516,0.9583
9.1516,0.9263
9.1516,0.8465
9.1516,0.8784
9.1676,0.9263
9.1676,0.9104
9.1676,0.8305
9.1676,0.8465
9.1835,0.9104
9.1835,0.8944
9.1835,0.7986
9.1835,0.8305
9.1995,0.8944
9.1995,0.8624
9.1995,0.7826
9.1995,0.7986
9.2155,0.8624
9.2155,0.8465
9.2155,0.7666
9.2155,0.7826
9.2315,0.8465
9.2315,0.8145
9.2315,0.7347
9.2315,0.7666
9.2474,0.8145
9.2474,0.7986
9.2474,0.7187
9.2474,0.7347
9.2634,0.7986
9.2634,0.7826
9.2634,0.7027
9.2634,0.7187
9.2794,0.7826
9.2794,0.7506
9.2794,0.6708
9.2794,0.7027
9.2953,0.7506
9.2953,0.7347
9.2953,0.6548
9.2953,0.6708
9.3113,0.7347
9.3113,0.7187
9.3113,0.6388
9.3113,0.6548
9.3273,0.7187
9.3273,0.6868
9.3273,0.6069
9.3273,0.6388
9.3433,0.6868
9.3433,0.6708
9.3433,0.5909
9.3433,0.6069
9.3592,0.6708
9.3592,0.6548
9.3592,0.575
9.3592,0.5909
9.3752,0.6548
9.3752,0.6229
9.3752,0.559
9.3752,0.575
9.3912,0.6229
9.3912,0.6069
9.3912,0.527
9.3912,0.559
9.4071,0.6069
9.4071,0.5909
9.4071,0.5111
9.4071,0.527
9.4231,0.5909
9.4231,0.575
9.4231,0.4951
9.4231,0.5111
9.4391,0.575
9.4391,0.543
9.4391,0.4791
9.4391,0.4951
9.4551,0.543
9.4551,0.527
9.4551,0.4632
9.4551,0.4791
9.471,0.527
9.471,0.5111
9.471,1.0062
9.471,1.0222
9.471,0.4472
9.471,0.4632
9.487,0.5111
9.487,0.4951
9.487,0.8944
9.487,1.0062
9.487,1.0222
9.487,1.086
9.487,0.4152
9.487,0.4472
9.503,0.4951
9.503,0.4791
9.503,0.8145
9.503,0.8944
9.503,1.086
9.503,1.102
9.5189,0.4791
9.5189,0.4632
9.5189,0.7666
9.5189,0.8145
9.5189,1.0222
9.5189,1.0062
9.5189,0.3993
9.5189,0.4152
9.5349,0.4632
9.5349,0.4472
9.5349,0.7027
9.5349,0.7666
9.5349,1.102
9.5349,1.118
9.5349,1.0701
9.5349,1.0222
9.5349,1.0062
9.5349,0.9104
9.5349,0.3833
9.5349,0.3993
9.5509,0.4472
9.5509,0.4312
9.5509,0.6388
9.5509,0.7027
9.5509,0.9104
9.5509,0.8305
9.5509,0.3673
9.5509,0.3833
9.5669,0.4312
9.5669,0.4152
9.5669,0.5909
9.5669,0.6388
9.5669,0.8305
9.5669,0.7666
9.5669,0.3514
9.5669,0.3673
9.5828,0.4152
9.5828,0.3993
9.5828,0.527
9.5828,0.5909
9.5828,0.7666
9.5828,0.7027
9.5988,0.4472
9.5988,0.527
9.5988,0.7027
9.5988,0.6548
9.6148,0.3993
9.6148,0.4472
9.6148,0.6548
9.6148,0.5909
9.6307,0.5909
9.6307,0.527
9.6467,0.527
9.6467,0.4472
9.6467,0.3833
9.6467,0.3514
9.6627,1.0541
9.6627,1.0701
9.6627,0.4472
9.6627,0.3833
9.6787,4.2484
9.6787,4.472
9.6946,1.118
9.6946,1.102
9.6946,4.1046
9.6946,4.2484
9.6946,4.472
9.6946,4.5678
9.7106,4.0088
9.7106,4.1046
9.7106,4.5678
9.7106,4.6157
9.7266,3.9289
9.7266,4.0088
9.7266,4.6157
9.7266,4.6477
9.7266,4.472
9.7266,4.2484
9.7425,3.8651
9.7425,3.9289
9.7425,4.6477
9.7425,4.6636
9.7425,4.5518
9.7425,4.472
9.7425,4.2484
9.7425,4.1046
9.7585,1.102
9.7585,1.086
9.7585,3.8012
9.7585,3.8651
9.7585,4.6636
9.7585,4.6796
9.7585,4.5997
9.7585,4.5518
9.7585,4.1046
9.7585,4.0248
9.7585,1.0381
9.7585,1.0541
9.7745,3.7533
9.7745,3.8012
9.7745,4.6796
9.7745,4.6956
9.7745,4.6317
9.7745,4.5997
9.7745,4.0248
9.7745,3.9449
9.7905,3.7054
9.7905,3.7533
9.7905,4.6956
9.7905,4.7115
9.7905,4.6477
9.7905,4.6317
9.7905,3.9449
9.7905,3.8651
9.8064,3.6574
9.8064,3.7054
9.8064,4.6636
9.8064,4.6477
9.8064,3.8651
9.8064,3.8171
9.8064,1.0222
9.8064,1.0381
9.8224,1.086
9.8224,1.0701
9.8224,3.6095
9.8224,3.6574
9.8224,3.8171
9.8224,3.7692
9.8384,3.5776
9.8384,3.6095
9.8384,4.7115
9.8384,4.7275
9.8384,3.7692
9.8384,3.7054
9.8543,3.5297
9.8543,3.5776
9.8543,4.7275
9.8543,4.7115
9.8543,3.7054
9.8543,3.6734
9.8543,1.0062
9.8543,1.0222
9.8703,1.0701
9.8703,1.0541
9.8703,3.4977
9.8703,3.5297
9.8703,3.6734
9.8703,3.6255
9.8863,3.4498
9.8863,3.4977
9.8863,3.6255
9.8863,3.5776
9.9023,3.4179
9.9023,3.4498
9.9023,3.5776
9.9023,3.5456
9.9023,0.9902
9.9023,1.0062
9.9182,1.0541
9.9182,1.0381
9.9182,3.37
9.9182,3.4179
9.9182,4.6477
9.9182,4.6636
9.9182,3.5456
9.9182,3.4977
9.9342,3.338
9.9342,3.37
9.9342,4.7115
9.9342,4.6956
9.9342,3.4977
9.9342,3.4658
9.9502,3.3061
9.9502,3.338
9.9502,4.6317
9.9502,4.6477
9.9502,3.4658
9.9502,3.4179
9.9502,0.9742
9.9502,0.9902
9.9661,1.0381
9.9661,1.0222
9.9661,3.2582
9.9661,3.3061
9.9661,4.6956
9.9661,4.6796
9.9661,3.4179
9.9661,3.3859
9.9821,3.2262
9.9821,3.2582
9.9821,4.6796
9.9821,4.6636
9.9821,4.6157
9.9821,4.6317
9.9821,3.3859
9.9821,3.338
9.9981,3.1943
9.9981,3.2262
9.9981,4.5997
9.9981,4.6157
9.9981,3.338
9.9981,3.3061
9.9981,0.9583
9.9981,0.9742
10.0141,1.0222
10.0141,1.0062
10.0141,3.1464
10.0141,3.1943
10.0141,4.6636
10.0141,4.6477
10.0141,4.5838
10.0141,4.5997
10.0141,3.3061
10.0141,3.2741
10.03,3.1144
10.03,3.1464
10.03,4.6477
10.03,4.6317
10.03,4.5678
10.03,4.5838
10.03,3.2741
10.03,3.2262
10.046,1.0062
10.046,0.9902
10.046,3.0825
10.046,3.1144
10.046,4.5518
10.046,4.5678
10.046,3.2262
10.046,3.1943
10.046,0.9423
10.046,0.9583
10.062,3.0346
10.062,3.0825
10.062,4.6317
10.062,4.6157
10.062,4.5359
10.062,4.5518
10.062,3.1943
10.062,3.1623
10.0779,3.0026
10.0779,3.0346
10.0779,4.6157
10.0779,4.5997
10.0779,4.5199
10.0779,4.5359
10.0779,3.1623
10.0779,3.1304
10.0939,0.9902
10.0939,0.9742
10.0939,2.9707
10.0939,3.0026
10.0939,4.5997
10.0939,4.5838
10.0939,4.5039
10.0939,4.5199
10.0939,3.1304
10.0939,3.0825
10.0939,0.9263
10.0939,0.9423
10.1099,2.9387
10.1099,2.9707
10.1099,4.5838
10.1099,4.5678
10.1099,4.4879
10.1099,4.5039
10.1099,3.0825
10.1099,3.0505
10.1259,2.9068
10.1259,2.9387
10.1259,4.5678
10.1259,4.5518
10.1259,4.472
10.1259,4.4879
10.1259,3.0505
10.1259,3.0186
10.1418,0.9742
10.1418,0.9583
10.1418,2.8589
10.1418,2.9068
10.1418,4.5518
10.1418,4.5359
10.1418,4.456
10.1418,4.472
10.1418,3.0186
10.1418,2.9866
10.1418,0.9104
10.1418,0.9263
10.1578,2.8269
10.1578,2.8589
10.1578,4.5359
10.1578,4.5039
10.1578,4.44
10.1578,4.456
10.1578,2.9866
10.1578,2.9387
10.1738,2.795
10.1738,2.8269
10.1738,4.5039
10.1738,4.4879
10.1738,4.4241
10.1738,4.44
10.1738,2.9387
10.1738,2.9068
10.1897,2.763
10.1897,2.795
10.1897,4.4879
10.1897,4.472
10.1897,4.3921
10.1897,4.4241
10.1897,2.9068
10.1897,2.8748
10.1897,0.8944
10.1897,0.9104
10.2057,0.9583
10.2057,0.9423
10.2057,2.7311
10.2057,2.763
10.2057,4.472
10.2057,4.456
10.2057,4.3761
10.2057,4.3921
10.2057,2.8748
10.2057,2.8429
10.2217,2.6832
10.2217,2.7311
10.2217,4.456
10.2217,4.44
10.2217,4.3602
10.2217,4.3761
10.2217,2.8429
10.2217,2.811
10.2377,2.6512
10.2377,2.6832
10.2377,4.44
10.2377,4.4081
10.2377,4.3282
10.2377,4.3602
10.2377,2.811
10.2377,2.763
10.2536,2.6193
10.2536,2.6512
10.2536,4.4081
10.2536,4.3921
10.2536,4.3123
10.2536,4.3282
10.2536,2.763
10.2536,2.7311
10.2536,0.8784
10.2536,0.8944
10.2696,0.9423
10.2696,0.9263
10.2696,2.5874
10.2696,2.6193
10.2696,4.3921
10.2696,4.3761
10.2696,4.2963
10.2696,4.3123
10.2696,2.7311
10.2696,2.6992
10.2856,2.5554
10.2856,2.5874
10.2856,4.3761
10.2856,4.3442
10.2856,4.2643
10.2856,4.2963
10.2856,2.6992
10.2856,2.6672
10.3015,2.5235
10.3015,2.5554
10.3015,4.3442
10.3015,4.3282
10.3015,4.2484
10.3015,4.2643
10.3015,2.6672
10.3015,2.6353
10.3175,2.4915
10.3175,2.5235
10.3175,4.3282
10.3175,4.3123
10.3175,4.2164
10.3175,4.2484
10.3175,2.6353
10.3175,2.6033
10.3335,2.4436
10.3335,2.4915
10.3335,4.3123
10.3335,4.2803
10.3335,4.2005
10.3335,4.2164
10.3335,2.6033
10.3335,2.5714
10.3495,2.4117
10.3495,2.4436
10.3495,4.2803
10.3495,4.2643
10.3495,4.1685
10.3495,4.2005
10.3495,2.5714
10.3495,2.5235
10.3654,2.3797
10.3654,2.4117
10.3654,4.2643
10.3654,4.2324
10.3654,4.1525
10.3654,4.1685
10.3654,2.5235
10.3654,2.4915
10.3814,2.3478
10.3814,2.3797
10.3814,4.2324
10.3814,4.2164
10.3814,4.1206
10.3814,4.1525
10.3814,2.4915
10.3814,2.4596
10.3974,2.3158
10.3974,2.3478
10.3974,4.2164
10.3974,4.1845
10.3974,4.1046
10.3974,4.1206
10.3974,2.4596
10.3974,2.4276
10.4133,2.2839
10.4133,2.3158
10.4133,4.1845
10.4133,4.1685
10.4133,4.0727
10.4133,4.1046
10.4133,2.4276
10.4133,2.3957
10.4293,2.252
10.4293,2.2839
10.4293,4.1685
10.4293,4.1366
10.4293,4.0567
10.4293,4.0727
10.4293,2.3957
10.4293,2.3638
10.4453,2.22
10.4453,2.252
10.4453,4.1366
10.4453,4.1206
10.4453,4.0248
10.4453,4.0567
10.4453,2.3638
10.4453,2.3318
10.4613,2.1721
10.4613,2.22
10.4613,4.1206
10.4613,4.0887
10.4613,4.0088
10.4613,4.0248
10.4613,2.3318
10.4613,2.2999
10.4772,2.1402
10.4772,2.1721
10.4772,4.0887
10.4772,4.0727
10.4772,3.9769
10.4772,4.0088
10.4772,2.2999
10.4772,2.252
10.4932,2.1082
10.4932,2.1402
10.4932,4.0727
10.4932,4.0407
10.4932,3.9609
10.4932,3.9769
10.4932,2.252
10.4932,2.22
10.5092,2.0763
10.5092,2.1082
10.5092,4.0407
10.5092,4.0248
10.5092,3.9289
10.5092,3.9609
10.5092,2.22
10.5092,2.1881
10.5251,0.9263
10.5251,0.9423
10.5251,2.0443
10.5251,2.0763
10.5251,4.0248
10.5251,3.9928
10.5251,3.913
10.5251,3.9289
10.5251,2.1881
10.5251,2.1561
10.5251,0.8944
10.5251,0.8784
10.5411,2.0124
10.5411,2.0443
10.5411,3.9928
10.5411,3.9769
10.5411,3.881
10.5411,3.913
10.5411,2.1561
10.5411,2.1242
10.5571,1.9804
10.5571,2.0124
10.5571,3.9769
10.5571,3.9449
10.5571,3.8651
10.5571,3.881
10.5571,2.1242
10.5571,2.0922
10.5731,1.9485
10.5731,1.9804
10.5731,3.9449
10.5731,3.9289
10.5731,3.8331
10.5731,3.8651
10.5731,2.0922
10.5731,2.0603
10.589,0.9423
10.589,0.9583
10.589,1.9166
10.589,1.9485
10.589,3.9289
10.589,3.897
10.589,3.8171
10.589,3.8331
10.589,2.0603
10.589,2.0284
10.589,0.9104
10.589,0.8944
10.605,1.8686
10.605,1.9166
10.605,3.897
10.605,3.881
10.605,3.7852
10.605,3.8171
10.605,2.0284
10.605,1.9804
10.605,0.8944
10.605,0.9104
10.621,0.9583
10.621,0.9423
10.621,1.8367
10.621,1.8686
10.621,3.881
10.621,3.8491
10.621,3.7533
10.621,3.7852
10.621,1.9804
10.621,1.9485
10.6369,1.8048
10.6369,1.8367
10.6369,3.8491
10.6369,3.8171
10.6369,3.7373
10.6369,3.7533
10.6369,1.9485
10.6369,1.9166
10.6369,0.8784
10.6369,0.8944
10.6529,0.9423
10.6529,0.9263
10.6529,1.7728
10.6529,1.8048
10.6529,3.8171
10.6529,3.8012
10.6529,3.7054
10.6529,3.7373
10.6529,1.9166
10.6529,1.8846
10.6529,0.8624
10.6529,0.8784
10.6689,0.9263
10.6689,0.9104
10.6689,1.7409
10.6689,1.7728
10.6689,3.8012
10.6689,3.7692
10.6689,3.6894
10.6689,3.7054
10.6689,1.8846
10.6689,1.8527
10.6689,0.8465
10.6689,0.8624
10.6849,0.9104
10.6849,0.8944
10.6849,1.7089
10.6849,1.7409
10.6849,3.7692
10.6849,3.7533
10.6849,3.6574
10.6849,3.6894
10.6849,1.8527
10.6849,1.8207
10.6849,0.8305
10.6849,0.8465
10.7008,0.8944
10.7008,0.8784
10.7008,1.677
10.7008,1.7089
10.7008,3.7533
10.7008,3.7213
10.7008,3.6255
10.7008,3.6574
10.7008,1.8207
10.7008,1.7888
10.7008,0.8145
10.7008,0.8305
10.7168,1.645
10.7168,1.677
10.7168,3.7213
10.7168,3.6894
10.7168,3.6095
10.7168,3.6255
10.7168,1.7888
10.7168,1.7568
10.7328,0.8784
10.7328,0.8624
10.7328,1.5971
10.7328,1.645
10.7328,3.6894
10.7328,3.6734
10.7328,3.5776
10.7328,3.6095
10.7328,1.7568
10.7328,1.7089
10.7328,0.7986
10.7328,0.8145
10.7487,0.8624
10.7487,0.8465
10.7487,1.5652
10.7487,1.5971
10.7487,3.6734
10.7487,3.6415
10.7487,3.5616
10.7487,3.5776
10.7487,1.7089
10.7487,1.677
10.7487,0.7826
10.7487,0.7986
10.7647,0.8465
10.7647,0.8305
10.7647,1.5332
10.7647,1.5652
10.7647,3.6415
10.7647,3.6255
10.7647,3.5297
10.7647,3.5616
10.7647,1.677
10.7647,1.645
10.7647,0.7666
10.7647,0.7826
10.7807,0.8305
10.7807,0.8145
10.7807,1.5013
10.7807,1.5332
10.7807,3.6255
10.7807,3.5936
10.7807,3.4977
10.7807,3.5297
10.7807,1.645
10.7807,1.6131
10.7807,0.7506
10.7807,0.7666
10.7967,0.8145
10.7967,0.7986
10.7967,1.4694
10.7967,1.5013
10.7967,3.5936
10.7967,3.5776
10.7967,3.4818
10.7967,3.4977
10.7967,1.6131
10.7967,1.5812
10.7967,0.7347
10.7967,0.7506
10.8126,0.7986
10.8126,0.7826
10.8126,1.4374
10.8126,1.4694
10.8126,3.5776
10.8126,3.5456
10.8126,3.4498
10.8126,3.4818
10.8126,1.5812
10.8126,1.5492
10.8126,0.7187
10.8126,0.7347
10.8286,0.7826
10.8286,0.7666
10.8286,1.3895
10.8286,1.4374
10.8286,3.5456
10.8286,3.5137
10.8286,3.4338
10.8286,3.4498
10.8286,1.5492
10.8286,1.5173
10.8286,0.7027
10.8286,0.7187
10.8446,0.7666
10.8446,0.7506
10.8446,1.3576
10.8446,1.3895
10.8446,3.5137
10.8446,3.4977
10.8446,3.4019
10.8446,3.4338
10.8446,1.5173
10.8446,1.4694
10.8446,0.6868
10.8446,0.7027
10.8605,1.3256
10.8605,1.3576
10.8605,3.4977
10.8605,3.4658
10.8605,3.37
10.8605,3.4019
10.8605,1.4694
10.8605,1.4374
10.8765,0.7506
10.8765,0.7347
10.8765,1.2937
10.8765,1.3256
10.8765,3.4658
10.8765,3.4338
10.8765,3.354
10.8765,3.37
10.8765,1.4374
10.8765,1.4055
10.8765,0.6708
10.8765,0.6868
10.8925,0.7347
10.8925,0.7187
10.8925,1.2617
10.8925,1.2937
10.8925,3.4338
10.8925,3.4179
10.8925,3.322
10.8925,3.354
10.8925,1.4055
10.8925,1.3735
10.8925,0.6548
10.8925,0.6708
10.9085,0.7187
10.9085,0.7027
10.9085,1.2138
10.9085,1.2617
10.9085,3.4179
10.9085,3.3859
10.9085,3.2901
10.9085,3.322
10.9085,1.3735
10.9085,1.3416
10.9085,0.6388
10.9085,0.6548
10.9244,0.7027
10.9244,0.6868
10.9244,1.1819
10.9244,1.2138
10.9244,3.3859
10.9244,3.37
10.9244,3.2741
10.9244,3.2901
10.9244,1.3416
10.9244,1.2937
10.9244,0.6229
10.9244,0.6388
10.9404,0.6868
10.9404,0.6708
10.9404,1.1499
10.9404,1.1819
10.9404,3.37
10.9404,3.338
10.9404,3.2422
10.9404,3.2741
10.9404,1.2937
10.9404,1.2617
10.9404,0.6069
10.9404,0.6229
10.9564,0.6708
10.9564,0.6548
10.9564,1.118
10.9564,1.1499
10.9564,3.338
10.9564,3.3061
10.9564,3.2262
10.9564,3.2422
10.9564,1.2617
10.9564,1.2298
10.9723,1.0701
10.9723,1.118
10.9723,3.3061
10.9723,3.2901
10.9723,3.1943
10.9723,3.2262
10.9723,1.2298
10.9723,1.1978
10.9723,0.5909
10.9723,0.6069
10.9883,0.6548
10.9883,0.6388
10.9883,1.0381
10.9883,1.0701
10.9883,3.2901
10.9883,3.2582
10.9883,3.1623
10.9883,3.1943
10.9883,1.1978
10.9883,1.1659
10.9883,0.575
10.9883,0.5909
11.0043,0.6388
11.0043,0.6229
11.0043,1.0062
11.0043,1.0381
11.0043,3.2582
11.0043,3.2262
11.0043,3.1464
11.0043,3.1623
11.0043,1.1659
11.0043,1.118
11.0203,0.9583
11.0203,1.0062
11.0203,3.2262
11.0203,3.2102
11.0203,3.1144
11.0203,3.1464
11.0203,1.118
11.0203,1.086
11.0203,0.559
11.0203,0.575
11.0362,0.6229
11.0362,0.6069
11.0362,0.9263
11.0362,0.9583
11.0362,3.2102
11.0362,3.1783
11.0362,3.0825
11.0362,3.1144
11.0362,1.086
11.0362,1.0541
11.0362,0.543
11.0362,0.559
11.0522,0.6069
11.0522,0.5909
11.0522,0.8784
11.0522,0.9263
11.0522,3.1783
11.0522,3.1464
11.0522,3.0665
11.0522,3.0825
11.0522,1.0541
11.0522,1.0062
11.0682,0.8465
11.0682,0.8784
11.0682,3.1464
11.0682,3.1304
11.0682,3.0346
11.0682,3.0665
11.0682,1.0062
11.0682,0.9742
11.0841,0.5909
11.0841,0.575
11.0841,0.7986
11.0841,0.8465
11.0841,3.1304
11.0841,3.0984
11.0841,3.0026
11.0841,3.0346
11.0841,0.9742
11.0841,0.9263
11.0841,0.527
11.0841,0.543
11.1001,0.7506
11.1001,0.7986
11.1001,3.0984
11.1001,3.0825
11.1001,2.9866
11.1001,3.0026
11.1001,0.9263
11.1001,0.8944
11.1161,0.6868
11.1161,0.7506
11.1161,3.0825
11.1161,3.0505
11.1161,2.9547
11.1161,2.9866
11.1161,0.8944
11.1161,0.8465
11.1321,0.575
11.1321,0.6868
11.1321,3.0505
11.1321,3.0186
11.1321,2.9228
11.1321,2.9547
11.1321,0.8465
11.1321,0.7986
11.148,3.0186
11.148,3.0026
11.148,2.9068
11.148,2.9228
11.148,0.7986
11.148,0.7506
11.148,0.543
11.148,0.527
11.164,3.0026
11.164,2.9707
11.164,2.8748
11.164,2.9068
11.164,0.7506
11.164,0.7027
11.164,0.559
11.164,0.543
11.18,2.9707
11.18,2.9387
11.18,2.8589
11.18,2.8748
11.18,0.7027
11.18,0.559
11.1959,2.9387
11.1959,2.9228
11.1959,2.8269
11.1959,2.8589
11.2119,2.9228
11.2119,2.8908
11.2119,2.795
11.2119,2.8269
11.2279,2.8908
11.2279,2.8589
11.2279,2.779
11.2279,2.795
11.2439,2.8589
11.2439,2.8429
11.2439,2.7471
11.2439,2.779
11.2598,2.8429
11.2598,2.811
11.2598,5.4622
11.2598,5.5261
11.2598,2.7151
11.2598,2.7471
11.2758,2.811
11.2758,2.779
11.2758,5.3664
11.2758,5.4622
11.2758,5.5261
11.2758,5.5421
11.2758,2.6992
11.2758,2.7151
11.2918,2.779
11.2918,2.763
11.2918,5.3025
11.2918,5.3664
11.2918,5.5421
11.2918,5.558
11.2918,2.6672
11.2918,2.6992
11.3077,2.763
11.3077,2.7311
11.3077,5.2546
11.3077,5.3025
11.3077,5.5101
11.3077,5.4622
11.3077,2.6353
11.3077,2.6672
11.3237,2.7311
11.3237,2.6992
11.3237,5.1907
11.3237,5.2546
11.3237,5.4941
11.3237,5.5101
11.3237,5.4622
11.3237,5.3823
11.3237,2.6193
11.3237,2.6353
11.3397,2.6992
11.3397,2.6832
11.3397,5.1428
11.3397,5.1907
11.3397,5.558
11.3397,5.5421
11.3397,5.3823
11.3397,5.3185
11.3397,2.5874
11.3397,2.6193
11.3557,2.6832
11.3557,2.6512
11.3557,5.0789
11.3557,5.1428
11.3557,5.4782
11.3557,5.4941
11.3557,5.3185
11.3557,5.2546
11.3557,2.5554
11.3557,2.5874
11.3716,2.6512
11.3716,2.6193
11.3716,5.031
11.3716,5.0789
11.3716,5.5421
11.3716,5.5261
11.3716,5.4622
11.3716,5.4782
11.3716,5.2546
11.3716,5.1907
11.3716,2.5394
11.3716,2.5554
11.3876,2.6193
11.3876,2.6033
11.3876,4.9831
11.3876,5.031
11.3876,5.5261
11.3876,5.5101
11.3876,5.4303
11.3876,5.4622
11.3876,5.1907
11.3876,5.1428
11.3876,2.5075
11.3876,2.5394
11.4036,2.6033
11.4036,2.5714
11.4036,4.9351
11.4036,4.9831
11.4036,5.5101
11.4036,5.4941
11.4036,5.4143
11.4036,5.4303
11.4036,5.1428
11.4036,5.0949
11.4036,2.4756
11.4036,2.5075
11.4195,2.5714
11.4195,2.5394
11.4195,4.8872
11.4195,4.9351
11.4195,5.4941
11.4195,5.4782
11.4195,5.3983
11.4195,5.4143
11.4195,5.0949
11.4195,5.0469
11.4195,2.4436
11.4195,2.4756
11.4355,2.5394
11.4355,2.5235
11.4355,4.8393
11.4355,4.8872
11.4355,5.4782
11.4355,5.4462
11.4355,5.3823
11.4355,5.3983
11.4355,5.0469
11.4355,4.9831
11.4355,2.4276
11.4355,2.4436
11.4515,2.5235
11.4515,2.4915
11.4515,4.7914
11.4515,4.8393
11.4515,5.4462
11.4515,5.4303
11.4515,5.3504
11.4515,5.3823
11.4515,4.9831
11.4515,4.9351
11.4515,2.3957
11.4515,2.4276
11.4675,2.4915
11.4675,2.4596
11.4675,4.7435
11.4675,4.7914
11.4675,5.4303
11.4675,5.4143
11.4675,5.3344
11.4675,5.3504
11.4675,4.9351
11.4675,4.8872
11.4675,2.3638
11.4675,2.3957
11.4834,2.4596
11.4834,2.4436
11.4834,4.6956
11.4834,4.7435
11.4834,5.4143
11.4834,5.3983
11.4834,5.3025
11.4834,5.3344
11.4834,4.8872
11.4834,4.8393
11.4834,2.3478
11.4834,2.3638
11.4994,2.4436
11.4994,2.4117
11.4994,4.6477
11.4994,4.6956
11.4994,5.3983
11.4994,5.3664
11.4994,5.2865
11.4994,5.3025
11.4994,4.8393
11.4994,4.7914
11.4994,2.3158
11.4994,2.3478
11.5154,2.4117
11.5154,2.3797
11.5154,4.5997
11.5154,4.6477
11.5154,5.3664
11.5154,5.3504
11.5154,5.2546
11.5154,5.2865
11.5154,4.7914
11.5154,4.7435
11.5154,2.2839
11.5154,2.3158
11.5313,2.3797
11.5313,2.3638
11.5313,4.5518
11.5313,4.5997
11.5313,5.3504
11.5313,5.3185
11.5313,5.2386
11.5313,5.2546
11.5313,4.7435
11.5313,4.6956
11.5313,2.2679
11.5313,2.2839
11.5473,2.3638
11.5473,2.3318
11.5473,4.5039
11.5473,4.5518
11.5473,5.3185
11.5473,5.3025
11.5473,5.2067
11.5473,5.2386
11.5473,4.6956
11.5473,4.6477
11.5473,2.236
11.5473,2.2679
11.5633,2.3318
11.5633,2.2999
11.5633,4.456
11.5633,4.5039
11.5633,5.3025
11.5633,5.2705
11.5633,5.1907
11.5633,5.2067
11.5633,4.6477
11.5633,4.5997
11.5633,2.204
11.5633,2.236
11.5793,2.2999
11.5793,2.2839
11.5793,4.4081
11.5793,4.456
11.5793,5.2705
11.5793,5.2546
11.5793,5.1587
11.5793,5.1907
11.5793,4.5997
11.5793,4.5518
11.5793,2.1881
11.5793,2.204
11.5952,2.2839
11.5952,2.252
11.5952,4.3602
11.5952,4.4081
11.5952,5.2546
11.5952,5.2226
11.5952,5.1428
11.5952,5.1587
11.5952,4.5518
11.5952,4.5039
11.5952,2.1561
11.5952,2.1881
11.6112,2.252
11.6112,2.22
11.6112,4.3123
11.6112,4.3602
11.6112,5.2226
11.6112,5.2067
11.6112,5.1108
11.6112,5.1428
11.6112,4.5039
11.6112,4.456
11.6112,2.1242
11.6112,2.1561
11.6272,2.22
11.6272,2.1881
11.6272,4.2643
11.6272,4.3123
11.6272,5.2067
11.6272,5.1747
11.6272,5.0949
11.6272,5.1108
11.6272,4.456
11.6272,4.4241
11.6272,2.1082
11.6272,2.1242
11.6431,2.1881
11.6431,2.1721
11.6431,4.2324
11.6431,4.2643
11.6431,5.1747
11.6431,5.1587
11.6431,5.0629
11.6431,5.0949
11.6431,4.4241
11.6431,4.3761
11.6431,2.0763
11.6431,2.1082
11.6591,2.1721
11.6591,2.1402
11.6591,4.1845
11.6591,4.2324
11.6591,5.1587
11.6591,5.1268
11.6591,5.031
11.6591,5.0629
11.6591,4.3761
11.6591,4.3282
11.6591,2.0443
11.6591,2.0763
11.6751,2.1402
11.6751,2.1082
11.6751,4.1366
11.6751,4.1845
11.6751,5.1268
11.6751,5.0949
11.6751,5.015
11.6751,5.031
11.6751,4.3282
11.6751,4.2803
11.6751,2.0124
11.6751,2.0443
11.6911,2.1082
11.6911,2.0922
11.6911,4.0887
11.6911,4.1366
11.6911,5.0949
11.6911,5.0789
11.6911,4.9831
11.6911,5.015
11.6911,4.2803
11.6911,4.2324
11.6911,1.9964
11.6911,2.0124
11.707,2.0922
11.707,2.0603
11.707,4.0407
11.707,4.0887
11.707,5.0789
11.707,5.0469
11.707,4.9511
11.707,4.9831
11.707,4.2324
11.707,4.1845
11.707,1.9645
11.707,1.9964
11.723,2.0603
11.723,2.0284
11.723,3.9928
11.723,4.0407
11.723,5.0469
11.723,5.031
11.723,4.9351
11.723,4.9511
11.723,4.1845
11.723,4.1366
11.723,1.9325
11.723,1.9645
11.739,2.0284
11.739,2.0124
11.739,3.9609
11.739,3.9928
11.739,5.031
11.739,4.999
11.739,4.9032
11.739,4.9351
11.739,4.1366
11.739,4.1046
11.739,1.9166
11.739,1.9325
11.7549,2.0124
11.7549,1.9804
11.7549,3.913
11.7549,3.9609
11.7549,4.999
11.7549,4.9671
11.7549,4.8713
11.7549,4.9032
11.7549,4.1046
11.7549,4.0567
11.7549,1.8846
11.7549,1.9166
11.7709,1.9804
11.7709,1.9485
11.7709,3.8651
11.7709,3.913
11.7709,4.9671
11.7709,4.9511
11.7709,4.8553
11.7709,4.8713
11.7709,4.0567
11.7709,4.0088
11.7709,1.8527
11.7709,1.8846
11.7869,1.9485
11.7869,1.9325
11.7869,3.8171
11.7869,3.8651
11.7869,4.9511
11.7869,4.9192
11.7869,4.8233
11.7869,4.8553
11.7869,4.0088
11.7869,3.9609
11.7869,1.8367
11.7869,1.8527
11.8029,1.9325
11.8029,1.9006
11.8029,3.7852
11.8029,3.8171
11.8029,4.9192
11.8029,4.8872
11.8029,4.7914
11.8029,4.8233
11.8029,3.9609
11.8029,3.913
11.8029,1.8048
11.8029,1.8367
11.8188,1.9006
11.8188,1.8686
11.8188,3.7373
11.8188,3.7852
11.8188,4.8872
11.8188,4.8713
11.8188,4.7754
11.8188,4.7914
11.8188,3.913
11.8188,3.881
11.8188,1.7728
11.8188,1.8048
11.8348,1.8686
11.8348,1.8367
11.8348,3.6894
11.8348,3.7373
11.8348,4.8713
11.8348,4.8393
11.8348,4.7435
11.8348,4.7754
11.8348,3.881
11.8348,3.8331
11.8348,1.7409
11.8348,1.7728
11.8508,1.8367
11.8508,1.8207
11.8508,3.6415
11.8508,3.6894
11.8508,4.8393
11.8508,4.8074
11.8508,4.7115
11.8508,4.7435
11.8508,3.8331
11.8508,3.7852
11.8508,1.7249
11.8508,1.7409
11.8667,1.8207
11.8667,1.7888
11.8667,3.5936
11.8667,3.6415
11.8667,4.8074
11.8667,4.7914
11.8667,4.6956
11.8667,4.7115
11.8667,3.7852
11.8667,3.7373
11.8667,1.693
11.8667,1.7249
11.8827,1.7888
11.8827,1.7568
11.8827,3.5616
11.8827,3.5936
11.8827,4.7914
11.8827,4.7595
11.8827,4.6636
11.8827,4.6956
11.8827,3.7373
11.8827,3.6894
11.8827,1.661
11.8827,1.693
11.8987,1.7568
11.8987,1.7409
11.8987,3.5137
11.8987,3.5616
11.8987,4.7595
11.8987,4.7275
11.8987,4.6317
11.8987,4.6636
11.8987,3.6894
11.8987,3.6574
11.8987,1.645
11.8987,1.661
11.9147,1.7409
11.9147,1.7089
11.9147,3.4658
11.9147,3.5137
11.9147,4.7275
11.9147,4.6956
11.9147,4.5997
11.9147,4.6317
11.9147,3.6574
11.9147,3.6095
11.9147,1.6131
11.9147,1.645
11.9306,1.7089
11.9306,1.677
11.9306,3.4179
11.9306,3.4658
11.9306,4.6956
11.9306,4.6796
11.9306,4.5838
11.9306,4.5997
11.9306,3.6095
11.9306,3.5616
11.9306,1.5812
11.9306,1.6131
11.9466,1.677
11.9466,1.645
11.9466,3.3859
11.9466,3.4179
11.9466,4.6796
11.9466,4.6477
11.9466,4.5518
11.9466,4.5838
11.9466,3.5616
11.9466,3.5137
11.9466,1.5652
11.9466,1.5812
11.9626,1.645
11.9626,1.6291
11.9626,3.338
11.9626,3.3859
11.9626,4.6477
11.9626,4.6157
11.9626,4.5199
11.9626,4.5518
11.9626,3.5137
11.9626,3.4818
11.9626,1.5332
11.9626,1.5652
11.9785,1.6291
11.9785,1.5971
11.9785,3.2901
11.9785,3.338
11.9785,4.6157
11.9785,4.5838
11.9785,4.4879
11.9785,4.5199
11.9785,3.4818
11.9785,3.4338
11.9785,1.5013
11.9785,1.5332
11.9945,1.5971
11.9945,1.5652
11.9945,3.2422
11.9945,3.2901
11.9945,4.5838
11.9945,4.5678
11.9945,4.472
11.9945,4.4879
11.9945,3.4338
11.9945,3.3859
11.9945,1.4694
11.9945,1.5013
12.0105,1.5652
12.0105,1.5492
12.0105,3.2102
12.0105,3.2422
12.0105,4.5678
12.0105,4.5359
12.0105,4.44
12.0105,4.472
12.0105,3.3859
12.0105,3.338
12.0105,1.4534
12.0105,1.4694
12.0265,1.5492
12.0265,1.5173
12.0265,3.1623
12.0265,3.2102
12.0265,4.5359
12.0265,4.5039
12.0265,4.4081
12.0265,4.44
12.0265,3.338
12.0265,3.3061
12.0265,1.4214
12.0265,1.4534
12.0424,1.5173
12.0424,1.4853
12.0424,3.1144
12.0424,3.1623
12.0424,4.5039
12.0424,4.472
12.0424,4.3761
12.0424,4.4081
12.0424,3.3061
12.0424,3.2582
12.0424,1.3895
12.0424,1.4214
12.0584,1.4853
12.0584,1.4694
12.0584,3.0665
12.0584,3.1144
12.0584,4.472
12.0584,4.456
12.0584,4.3602
12.0584,4.3761
12.0584,3.2582
12.0584,3.2102
12.0584,1.3735
12.0584,1.3895
12.0744,1.4694
12.0744,1.4374
12.0744,3.0346
12.0744,3.0665
12.0744,4.456
12.0744,4.4241
12.0744,4.3282
12.0744,4.3602
12.0744,3.2102
12.0744,3.1623
12.0744,1.3416
12.0744,1.3735
12.0903,1.4374
12.0903,1.4055
12.0903,2.9866
12.0903,3.0346
12.0903,4.4241
12.0903,4.3921
12.0903,4.2963
12.0903,4.3282
12.0903,3.1623
12.0903,3.1304
12.0903,1.3096
12.0903,1.3416
12.1063,1.4055
12.1063,1.3735
12.1063,2.9387
12.1063,2.9866
12.1063,4.3921
12.1063,4.3602
12.1063,4.2643
12.1063,4.2963
12.1063,3.1304
12.1063,3.0825
12.1063,1.2777
12.1063,1.3096
12.1223,1.3735
12.1223,1.3576
12.1223,2.8908
12.1223,2.9387
12.1223,4.3602
12.1223,4.3442
12.1223,4.2484
12.1223,4.2643
12.1223,3.0825
12.1223,3.0346
12.1223,1.2617
12.1223,1.2777
12.1383,1.3576
12.1383,1.3256
12.1383,2.8589
12.1383,2.8908
12.1383,4.3442
12.1383,4.3123
12.1383,4.2164
12.1383,4.2484
12.1383,3.0346
12.1383,2.9866
12.1383,1.2298
12.1383,1.2617
12.1542,1.3256
12.1542,1.2937
12.1542,2.811
12.1542,2.8589
12.1542,4.3123
12.1542,4.2803
12.1542,4.1845
12.1542,4.2164
12.1542,2.9866
12.1542,2.9547
12.1542,1.1978
12.1542,1.2298
12.1702,1.2937
12.1702,1.2777
12.1702,2.763
12.1702,2.811
12.1702,4.2803
12.1702,4.2484
12.1702,4.1525
12.1702,4.1845
12.1702,2.9547
12.1702,2.9068
12.1702,1.1819
12.1702,1.1978
12.1862,1.2777
12.1862,1.2458
12.1862,2.7151
12.1862,2.763
12.1862,4.2484
12.1862,4.2164
12.1862,4.1206
12.1862,4.1525
12.1862,2.9068
12.1862,2.8589
12.1862,1.1499
12.1862,1.1819
12.2021,1.2458
12.2021,1.2138
12.2021,2.6832
12.2021,2.7151
12.2021,4.2164
12.2021,4.2005
12.2021,4.1046
12.2021,4.1206
12.2021,2.8589
12.2021,2.811
12.2021,1.118
12.2021,1.1499
12.2181,1.2138
12.2181,1.1819
12.2181,2.6353
12.2181,2.6832
12.2181,4.2005
12.2181,4.1685
12.2181,4.0727
12.2181,4.1046
12.2181,2.811
12.2181,2.779
12.2181,1.086
12.2181,1.118
12.2341,1.1819
12.2341,1.1659
12.2341,2.5874
12.2341,2.6353
12.2341,4.1685
12.2341,4.1366
12.2341,4.0407
12.2341,4.0727
12.2341,2.779
12.2341,2.7311
12.2341,1.0701
12.2341,1.086
12.2501,1.1659
12.2501,1.134
12.2501,2.5394
12.2501,2.5874
12.2501,4.1366
12.2501,4.1046
12.2501,4.0088
12.2501,4.0407
12.2501,2.7311
12.2501,2.6832
12.2501,1.0381
12.2501,1.0701
12.266,1.134
12.266,1.102
12.266,2.5075
12.266,2.5394
12.266,4.1046
12.266,4.0887
12.266,3.9769
12.266,4.0088
12.266,2.6832
12.266,2.6353
12.266,1.0062
12.266,1.0381
12.282,1.102
12.282,1.0701
12.282,2.4596
12.282,2.5075
12.282,4.0887
12.282,4.0567
12.282,3.9609
12.282,3.9769
12.282,2.6353
12.282,2.6033
12.282,0.9742
12.282,1.0062
12.298,1.0701
12.298,1.0541
12.298,2.4117
12.298,2.4596
12.298,4.0567
12.298,4.0248
12.298,3.9289
12.298,3.9609
12.298,2.6033
12.298,2.5554
12.298,0.9583
12.298,0.9742
12.3139,1.0541
12.3139,1.0222
12.3139,2.3638
12.3139,2.4117
12.3139,4.0248
12.3139,3.9928
12.3139,3.897
12.3139,3.9289
12.3139,2.5554
12.3139,2.5075
12.3139,0.9263
12.3139,0.9583
12.3299,1.0222
12.3299,0.9902
12.3299,2.3318
12.3299,2.3638
12.3299,3.9928
12.3299,3.9609
12.3299,3.8651
12.3299,3.897
12.3299,2.5075
12.3299,2.4596
12.3299,0.8944
12.3299,0.9263
12.3459,0.9902
12.3459,0.9742
12.3459,2.2839
12.3459,2.3318
12.3459,3.9609
12.3459,3.9449
12.3459,3.8331
12.3459,3.8651
12.3459,2.4596
12.3459,2.4276
12.3459,0.8784
12.3459,0.8944
12.3619,0.9742
12.3619,0.9423
12.3619,2.236
12.3619,2.2839
12.3619,3.9449
12.3619,3.913
12.3619,3.8012
12.3619,3.8331
12.3619,2.4276
12.3619,2.3797
12.3619,0.8465
12.3619,0.8784
12.3778,0.9423
12.3778,0.9104
12.3778,2.1881
12.3778,2.236
12.3778,3.913
12.3778,3.881
12.3778,3.7852
12.3778,3.8012
12.3778,2.3797
12.3778,2.3318
12.3778,0.8145
12.3778,0.8465
12.3938,0.9104
12.3938,0.8784
12.3938,2.1561
12.3938,2.1881
12.3938,3.881
12.3938,3.8491
12.3938,3.7533
12.3938,3.7852
12.3938,2.3318
12.3938,2.2839
12.3938,0.7826
12.3938,0.8145
12.4098,0.8784
12.4098,0.8624
12.4098,2.1082
12.4098,2.1561
12.4098,3.8491
12.4098,3.8171
12.4098,3.7213
12.4098,3.7533
12.4098,2.2839
12.4098,2.252
12.4098,0.7666
12.4098,0.7826
12.4257,0.8624
12.4257,0.8305
12.4257,2.0603
12.4257,2.1082
12.4257,3.8171
12.4257,3.7852
12.4257,3.6894
12.4257,3.7213
12.4257,2.252
12.4257,2.204
12.4257,0.7347
12.4257,0.7666
12.4417,0.8305
12.4417,0.7986
12.4417,2.0124
12.4417,2.0603
12.4417,3.7852
12.4417,3.7692
12.4417,3.6574
12.4417,3.6894
12.4417,2.204
12.4417,2.1561
12.4417,0.7027
12.4417,0.7347
12.4577,0.7986
12.4577,0.7666
12.4577,1.9804
12.4577,2.0124
12.4577,3.7692
12.4577,3.7373
12.4577,3.6415
12.4577,3.6574
12.4577,2.1561
12.4577,2.1082
12.4577,0.6708
12.4577,0.7027
12.4737,0.7666
12.4737,0.7506
12.4737,1.9325
12.4737,1.9804
12.4737,3.7373
12.4737,3.7054
12.4737,3.6095
12.4737,3.6415
12.4737,2.1082
12.4737,2.0763
12.4737,0.6548
12.4737,0.6708
12.4896,0.7506
12.4896,0.7187
12.4896,1.8846
12.4896,1.9325
12.4896,3.7054
12.4896,3.6734
12.4896,3.5776
12.4896,3.6095
12.4896,2.0763
12.4896,2.0284
12.4896,0.6229
12.4896,0.6548
12.5056,0.7187
12.5056,0.6868
12.5056,1.8367
12.5056,1.8846
12.5056,3.6734
12.5056,3.6415
12.5056,3.5456
12.5056,3.5776
12.5056,2.0284
12.5056,1.9804
12.5056,0.5909
12.5056,0.6229
12.5216,0.6868
12.5216,0.6708
12.5216,1.8048
12.5216,1.8367
12.5216,3.6415
12.5216,3.6095
12.5216,3.5137
12.5216,3.5456
12.5216,1.9804
12.5216,1.9325
12.5216,0.575
12.5216,0.5909
12.5375,0.6708
12.5375,0.6388
12.5375,1.7568
12.5375,1.8048
12.5375,3.6095
12.5375,3.5936
12.5375,3.4818
12.5375,3.5137
12.5375,1.9325
12.5375,1.9006
12.5375,0.543
12.5375,0.575
12.5535,0.6388
12.5535,0.6069
12.5535,1.7089
12.5535,1.7568
12.5535,3.5936
12.5535,3.5616
12.5535,3.4658
12.5535,3.4818
12.5535,1.9006
12.5535,1.8527
12.5535,0.5111
12.5535,0.543
12.5695,0.6069
12.5695,0.575
12.5695,1.661
12.5695,1.7089
12.5695,3.5616
12.5695,3.5297
12.5695,3.4338
12.5695,3.4658
12.5695,1.8527
12.5695,1.8048
12.5695,0.4791
12.5695,0.5111
12.5854,0.575
12.5854,0.559
12.5854,1.6291
12.5854,1.661
12.5854,3.5297
12.5854,3.4977
12.5854,3.4019
12.5854,3.4338
12.5854,1.8048
12.5854,1.7568
12.5854,0.4632
12.5854,0.4791
12.6014,0.559
12.6014,0.527
12.6014,1.5812
12.6014,1.6291
12.6014,3.4977
12.6014,3.4658
12.6014,3.37
12.6014,3.4019
12.6014,1.7568
12.6014,1.7249
12.6014,0.4312
12.6014,0.4632
12.6174,0.527
12.6174,0.4951
12.6174,1.5332
12.6174,1.5812
12.6174,3.4658
12.6174,3.4338
12.6174,3.338
12.6174,3.37
12.6174,1.7249
12.6174,1.677
12.6174,0.3993
12.6174,0.4312
12.6334,0.4951
12.6334,0.4632
12.6334,1.4853
12.6334,1.5332
12.6334,3.4338
12.6334,3.4179
12.6334,3.3061
12.6334,3.338
12.6334,1.677
12.6334,1.6291
12.6334,0.3833
12.6334,0.3993
12.6493,0.4632
12.6493,0.4472
12.6493,1.4374
12.6493,1.4853
12.6493,3.4179
12.6493,3.3859
12.6493,3.2901
12.6493,3.3061
12.6493,1.6291
12.6493,1.5812
12.6493,0.3673
12.6493,0.3833
12.6653,0.4472
12.6653,0.4152
12.6653,1.4055
12.6653,1.4374
12.6653,3.3859
12.6653,3.354
12.6653,3.2582
12.6653,3.2901
12.6653,1.5812
12.6653,1.5332
12.6653,0.3514
12.6653,0.3673
12.6813,0.4152
12.6813,0.3993
12.6813,1.3576
12.6813,1.4055
12.6813,3.354
12.6813,3.322
12.6813,3.2262
12.6813,3.2582
12.6813,1.5332
12.6813,1.5013
12.6813,0.3354
12.6813,0.3514
12.6972,1.3096
12.6972,1.3576
12.6972,3.322
12.6972,3.2901
12.6972,3.1943
12.6972,3.2262
12.6972,1.5013
12.6972,1.4534
12.6972,0.3194
12.6972,0.3354
12.7132,0.3993
12.7132,0.3673
12.7132,1.2617
12.7132,1.3096
12.7132,3.2901
12.7132,3.2582
12.7132,3.1623
12.7132,3.1943
12.7132,1.4534
12.7132,1.4055
12.7132,0.3034
12.7132,0.3194
12.7292,0.3673
12.7292,0.3514
12.7292,1.2138
12.7292,1.2617
12.7292,3.2582
12.7292,3.2422
12.7292,3.1304
12.7292,3.1623
12.7292,1.4055
12.7292,1.3576
12.7292,0.2875
12.7292,0.3034
12.7452,0.3514
12.7452,0.3354
12.7452,1.1659
12.7452,1.2138
12.7452,3.2422
12.7452,3.2102
12.7452,3.0984
12.7452,3.1304
12.7452,1.3576
12.7452,1.3096
12.7452,0.2715
12.7452,0.2875
12.7611,0.3354
12.7611,0.3194
12.7611,1.134
12.7611,1.1659
12.7611,3.2102
12.7611,3.1783
12.7611,3.0825
12.7611,3.0984
12.7611,1.3096
12.7611,1.2777
12.7611,0.2396
12.7611,0.2715
12.7771,0.3194
12.7771,0.3034
12.7771,1.086
12.7771,1.134
12.7771,3.1783
12.7771,3.1464
12.7771,3.0505
12.7771,3.0825
12.7771,1.2777
12.7771,1.2298
12.7771,0.2236
12.7771,0.2396
12.7931,0.3034
12.7931,0.2875
12.7931,1.0381
12.7931,1.086
12.7931,3.1464
12.7931,3.1144
12.7931,3.0186
12.7931,3.0505
12.7931,1.2298
12.7931,1.1819
12.7931,0.2076
12.7931,0.2236
12.809,0.2875
12.809,0.2715
12.809,0.9902
12.809,1.0381
12.809,3.1144
12.809,3.0825
12.809,2.9866
12.809,3.0186
12.809,1.1819
12.809,1.134
12.809,0.1916
12.809,0.2076
12.825,0.2715
12.825,0.2396
12.825,0.9423
12.825,0.9902
12.825,3.0825
12.825,3.0665
12.825,2.9547
12.825,2.9866
12.825,1.134
12.825,1.086
12.825,0.1757
12.825,0.1916
12.841,0.2396
12.841,0.2236
12.841,0.8944
12.841,0.9423
12.841,3.0665
12.841,3.0346
12.841,2.9228
12.841,2.9547
12.841,1.086
12.841,1.0381
12.841,0.1597
12.841,0.1757
12.857,0.2236
12.857,0.2076
12.857,0.8465
12.857,0.8944
12.857,3.0346
12.857,3.0026
12.857,2.8908
12.857,2.9228
12.857,1.0381
12.857,0.9902
12.857,0.1437
12.857,0.1597
12.8729,0.2076
12.8729,0.1916
12.8729,0.7986
12.8729,0.8465
12.8729,3.0026
12.8729,2.9707
12.8729,2.8748
12.8729,2.8908
12.8729,0.9902
12.8729,0.9423
12.8729,0.1118
12.8729,0.1437
12.8889,0.1916
12.8889,0.1757
12.8889,0.7506
12.8889,0.7986
12.8889,2.9707
12.8889,2.9387
12.8889,2.8429
12.8889,2.8748
12.8889,0.9423
12.8889,0.9104
12.8889,0.0958
12.8889,0.1118
12.9049,0.1757
12.9049,0.1597
12.9049,0.7027
12.9049,0.7506
12.9049,2.9387
12.9049,2.9068
12.9049,2.811
12.9049,2.8429
12.9049,0.9104
12.9049,0.8624
12.9049,0.0798
12.9049,0.0958
12.9208,0.1597
12.9208,0.1437
12.9208,0.6548
12.9208,0.7027
12.9208,2.9068
12.9208,2.8748
12.9208,2.779
12.9208,2.811
12.9208,0.8624
12.9208,0.8145
12.9208,0.0639
12.9208,0.0798
12.9368,0.1437
12.9368,0.1278
12.9368,0.6069
12.9368,0.6548
12.9368,2.8748
12.9368,2.8589
12.9368,2.7471
12.9368,2.779
12.9368,0.8145
12.9368,0.7666
12.9368,0.0479
12.9368,0.0639
12.9528,0.1278
12.9528,0.1118
12.9528,0.559
12.9528,0.6069
12.9528,2.8589
12.9528,2.8269
12.9528,2.7151
12.9528,2.7471
12.9528,0.7666
12.9528,0.7187
12.9688,0.1118
12.9688,0.0958
12.9688,0.4951
12.9688,0.559
12.9688,2.8269
12.9688,2.795
12.9688,2.6992
12.9688,2.7151
12.9688,0.7187
12.9688,0.6548
12.9688,0.0319
12.9688,0.0479
12.9847,0.0958
12.9847,0.0798
12.9847,0.4472
12.9847,0.4951
12.9847,2.795
12.9847,2.763
12.9847,2.6672
12.9847,2.6992
12.9847,0.6548
12.9847,0.6069
12.9847,0.016
12.9847,0.0319
13.0007,0.0798
13.0007,0.0639
13.0007,0.3833
13.0007,0.4472
13.0007,2.763
13.0007,2.7311
13.0007,2.6353
13.0007,2.6672
13.0007,0.6069
13.0007,0.559
13.0167,0.3194
13.0167,0.3833
13.0167,2.7311
13.0167,2.6992
13.0167,2.6033
13.0167,2.6353
13.0167,0.559
13.0167,0.5111
13.0167,0
13.0167,0.016
13.0326,0.0639
13.0326,0.0479
13.0326,0.2555
13.0326,0.3194
13.0326,2.6992
13.0326,2.6672
13.0326,2.5714
13.0326,2.6033
13.0326,0.5111
13.0326,0.4472
13.0486,0.0479
13.0486,0.0639
13.0486,0.1597
13.0486,0.2555
13.0486,2.6672
13.0486,2.6512
13.0486,2.5394
13.0486,2.5714
13.0486,0.4472
13.0486,0.3993
13.0646,0.0639
13.0646,0.1597
13.0646,2.6512
13.0646,2.6193
13.0646,2.5075
13.0646,2.5394
13.0646,0.3993
13.0646,0.3354
13.0806,2.6193
13.0806,2.5874
13.0806,2.4756
13.0806,2.5075
13.0806,0.3354
13.0806,0.2555
13.0806,0.016
13.0806,0
13.0965,2.5874
13.0965,2.5554
13.0965,2.4596
13.0965,2.4756
13.0965,0.2555
13.0965,0.1597
13.0965,0.0479
13.0965,0.016
13.1125,2.5554
13.1125,2.5235
13.1125,2.4276
13.1125,2.4596
13.1125,0.1597
13.1125,0.0479
13.1285,2.5235
13.1285,2.4915
13.1285,2.3957
13.1285,2.4276
13.1444,2.4915
13.1444,2.4596
13.1444,2.3638
13.1444,2.3957
13.1604,2.4596
13.1604,2.4436
13.1604,2.3318
13.1604,2.3638
13.1764,2.4436
13.1764,2.4117
13.1764,2.2999
13.1764,2.3318
13.1924,2.4117
13.1924,2.3797
13.1924,2.2679
13.1924,2.2999
13.2083,2.3797
13.2083,2.3478
13.2083,2.252
13.2083,2.2679
13.2243,2.3478
13.2243,2.3158
13.2243,2.22
13.2243,2.252
13.2403,2.3158
13.2403,2.2839
13.2403,2.1881
13.2403,2.22
13.2562,2.2839
13.2562,2.252
13.2562,2.1561
13.2562,2.1881
13.2722,2.252
13.2722,2.22
13.2722,2.1242
13.2722,2.1561
13.2882,2.22
13.2882,2.204
13.2882,2.0922
13.2882,2.1242
13.3042,2.204
13.3042,2.1721
13.3042,2.0603
13.3042,2.0922
13.3201,2.1721
13.3201,2.1402
13.3201,2.0443
13.3201,2.0603
13.3361,2.1402
13.3361,2.1082
13.3361,2.0124
13.3361,2.0443
13.3521,2.1082
13.3521,2.0763
13.3521,1.9804
13.3521,2.0124
13.368,2.0763
13.368,2.0443
13.368,1.9485
13.368,1.9804
13.384,2.0443
13.384,2.0124
13.384,1.9325
13.384,1.9485
13.4,2.0124
13.4,1.9964
13.416,1.9964
13.416,1.9645
13.416,1.9485
13.416,1.9325
13.4319,1.9645
13.4319,1.9485
